cancion,artista,letra
Mi danza (feat. Dani de Morón),Fuel Fandango,"{'title': 'Fuel Fandango – Mi Danza Lyrics', 'lyrics': '[Letra de ""Mi Danza""]\n\n[Verso 1]\nDeja que la vida brote\nDonde menos te lo esperas\nDeja que se abra camino\nY trepe como\u2005enredadera\nDeja\u2005que me lleve\u2005el aire\nHacia un futuro nuevo\nDeja que\u2005vuelva al origen\nY que desaparezca el miedo\n\n[Estribillo]\nQue empiece la parranda\nEl jaleo que me abraza (Olé, chiquilla)\nEste compás que arrasa\nMi danza, mi danza, mi danza\nEl jaleo que me abraza\nMi danza, mi danza, mi danza, mi danza\n\n[Verso 2]\nDeja mis semillas brotar, brillar\nYa no soy como era\nAbro la puerta de par en par\nCantaré hasta el día que me muera\nDeja que me salgan alas\nDéjame volar del nido\nDeja que vuelva al origen\nY que desaparezca el miedo\n[Estribillo]\nQue empiece la parranda\nEl jaleo que me abraza (Olé, chiquilla)\nEste compás que arrasa\nMi danza, mi danza, mi danza\nEl jaleo que me abraza\nMi danza, mi danza, mi danza\n\n[Puente]\nQuiero volver a ver\nMi piel bailando en el río\nDéjame vivir sencilla\nO vete por donde has venido\n\n[Estribillo]\nQue empiece la parranda\nEl jaleo que me abraza (Olé, chiquilla)\nEste compás que arrasa\nMi danza, mi danza, mi danza\nEl jaleo que me abraza\nMi danza, mi danza, mi danza'}"
MERICHANE,Zahara,"{'title': 'Zahara (ESP) – MERICHANE Lyrics', 'lyrics': '[Letra de ""MERICHANE""]\n\n[Estrofa 1]\nYo estaba ahí cuando todos bailaban\nMojaban el dedo, se creían eternos\nYo estaba en el baño aguantando la puerta con mi espalda\nMientras les besaba la lengua\nYo estaba ahí en las oficinas de Universal\nTragando sermones sobre mi gran potencial\nYo estaba ahí abrazada a la taza del váter\nYo era incapaz de soltarla y ellos de mirarme\n\n[Estrofa 2]\nYo estaba ahí en urgencias acariciando el límite\nNecesitaba algo infalible\nYo estaba de rodillas pidiеndo perdón a vuestro Dios\nPor no saber dеcirle que no\n\n[Estribillo]\nYo-o-o-o\nA-a-aún ahí y sin saber salir\nYo-o-o-o\nA-a-aún ahí, sin saber salir\nY no logro huir\n\n[Estrofa 3]\nYo estaba ahí cambiándole el nombre a mis amantes\nEn la lista de contactos\nYo estaba ahí dejándole las bragas usadas en el armario\nJodiéndole la vida a un extraño\nYo estaba en la otra habitación, escuchaba su respiración\nDeseaba que no entrase\nYo estaba entre las sábanas ásperas del verano\nDejando de ser quién había soñado\n\n[Estribillo]\nYo-o-o-o\nA-a-aún ahí y sin saber salir\nY no logro sacarme de allí\n\n[Estrofa 4]\nYo estaba ahí con las llaves en la mano\nAcelerando el paso, fingiendo que hablaba con mi hermano\nYo estaba ahí dejándome hacer\nCon tal de que acabase de una vez\nYo estaba ahí confesándome por haberme tocado\nCreyendo que ese era el puto pecado\nYo estaba ahí metiéndome los dedos hasta el fondo\nQueriendo vomitar las penas, la vida, el odio\n\n[Estribillo]\nYo-o-o-o\nA-a-aún ahí y sin saber salir\nYo-o-o-o\nA-a-aún ahí, sin saber salir\nY no logro, no sé cómo sacarme de allí'}"
Olaf el vikingo,LOS NIKIS,"{'title': 'Los Nikis – Olaf el vikingo Lyrics', 'lyrics': 'Todos en la tribu le tienen miedo\nOlaf el vikingo es fro como el hielo\nNo hay nada, no hay nadie\nQue detenga sus impulsos de barbarie\nCome carne, carne cruda\nRuedan las cabezas en caso de duda\nHabla con la boca llena\nY hace su ensalada con aceite de ballena\nNo existe el miedo para Olaf\nNo existe el miedo\nNo existe el miedo\nOlaf el vikingo no tiene miedo\nNadie entra en su fiordo\nPorque pronto se iran al fondo\nOlaf no piensa, Olaf no escucha\nSolo quiere empezar la lucha\nYa no quedan enemigos\nOlaf el vikingo est muy aburrido\nAhora trabaja en la trata de blancas\nY pasa las tardes jugando a la petanca\nNo existe el miedo para Olaf\nNo existe el miedo\nNo existe el miedo\nOlaf el vikingo no tiene miedo'}"
So So,Rusowsky,"{'title': 'Saba – So and So Lyrics', 'lyrics': ""[Intro]\nFl-Fl-Flex Lennon\n\n[Chorus]\nPropose a toast, you know\nMade the most with your highs and lows\nStick to the code, you know, same as before\nGang La Cosa Nostra\nI don't know so and so, who may assume\nStaying at home, I'm low-key\nWe can all rise or fall, this ain't before\nThe fame is taking over\n\n[Verse]\nI don't know so and so, I don't assume you do\nHop out a Volvo, that bitch go vroom-vroom\nI'm with my dogs-dogs, they'll go woof-woof\nYou niggas all bark-bark, but they all poodles\nAnything for dough, your bro sold his soul\nBack up in effect, she told me that I am up next\nMight get me tatted on her neck, it ain't no cattle for the set\nYou wanna battle, then how much you wanna bet?\nPut a hundred thousand on it, yeah, yeah, yeah\nGot the plate with salmon on it, yeah, yeah\nEvery day a ceremony, yeah, yeah\nI feel like Tim in San Antonio\nI flip the flow, the flow, the same as before\nAt least a plus four, gang, you know\nI never went alone to no nigga show\nI don't be on the phone, you ain't my bro\nBetter come correct with the quote, mm\nI ain't made a mill', but I'm close, mm\nThat's why I need the digit for the show, mm\nWe ain't talking, I ain't social\n\n[Chorus]\nPropose a toast, you know\nMade the most with your highs and lows\nStick to the code, you know, same as before\nGang La Cosa Nostra\nI don't know so and so, who may assume\nStaying at home, I'm low-key\nWe can all rise or fall, this ain't before\nThe fame is taking over""}"
WTF Is In My Cup,Chico Blanco,"{'title': 'Chico Blanco – WTF Is In My Cup Lyrics', 'lyrics': '[Letra de ""WTF Is In My Cup""]\n\n[Estribillo]\nWhat the fuck is in my cup? I don\'t even know\nBut I\'ll just drink it,\u2005drink\u2005it, drink it\nWhat\u2005the fuck is in my cup?\u2005I don\'t even know\nBut I\'ll just drink it, drink it, drink it\nWhat the fuck is in my cup? I don\'t even know\nBut I\'ll just drink it, drink it, drink it\nWhat the fuck is in my cup? I don\'t even know\nBut I\'ll just drink it, drink it, drink it\n\n[Verso 1]\nWhat the fuck is in my cup?\nNo te vayas por favor (No)\nTengo mi bolsa llena de amor\nNo te veo donde \'toy\nPuede que este no sea el mejor sitio\nY mi bolsa llena de amor\n\'Tá llena de amor\nEstá llena de amor, -mor\n\'Tá llena de amor\nEstá llena de amor, -mor\n\'Toy lleno de amor\nEstoy lleno de amor, -mor, -mor, -mor\nEh, eh\n[Estribillo]\nWhat the fuck is in my cup? I don\'t even know\nBut I\'ll just drink it, drink it, drink it\nWhat the fuck is in my cup? I don\'t even know\nBut I\'ll just drink it, drink it, drink it\nWhat the fuck is in my cup? I don\'t even know\nBut I\'ll just drink it, drink it, drink it\nWhat the fuck is in my cup? I don\'t even know\nBut I\'ll just drink it, drink it, drink it\n\n[Verso 2]\nVente cerca de mí y te encontraré, amigo\nCuando miro en tus ojos me puedo ver, te sigo\nY si tú no me encuentra\'\nDímelo, que yo voy a echarte cuenta\'\nAquí estoy listo pa\' tenerte cerca\nY luego me voy, no sabía ni quién era\'\n\n[Puente]\nI could see myself in your eyes\nAnd now you\'re lookin\' for me tonight\nLookin\' for me tonight, oh-oh\n\n[Refrán]\nEn mi copa\n¿Qué tengo en mi copa? Yo, yo\nEn mi copa\n¿Qué tengo en mi copa? Yo, yo\nEn mi copa\n¿Qué tengo en mi copa? Yo, yo\nEn mi copa\n¿Qué tengo en mi copa? Yo, yo\nEn mi copa\n¿Qué tengo en mi copa? Yo, yo\nEn mi copa\n¿Qué tengo en mi copa? Yo, yo\nEn mi copa\n¿Qué tengo en mi copa? Yo, yo\nEn mi copa\n¿Qué tengo en mi copa? Yo, yo\nYo, yo\n[Estribillo]\nWhat the fuck is in my cup? I don\'t even know\nBut I\'ll just drink it, drink it, drink it\nWhat the fuck is in my cup? I don\'t even know\nBut I\'ll just drink it, drink it, drink it\nWhat the fuck is in my cup? I don\'t even know\nBut I\'ll just drink it, drink it, drink it\nWhat the fuck is in my cup? I don\'t even know\nBut I\'ll just drink it, drink it, drink it\n\n[Outro Instrumental]'}"
Algorithm,Muse,"{'title': 'Childish Gambino – Algorhythm Lyrics', 'lyrics': ""[Verse 1]\nSupercomputer status, walkin' along streets\nEveryone is an addict, stumbling concrete\nWhat was the motivation? Constant communication\nEverybody wanna get chose like Moses\nCame out Mother Earth smelling like roses\nSummon the new edition, made it way too efficient\nMade us the guinea pig and did it with no permission\nTold it to call a friend, didn't tell it to listen\nSo very scary, so binary, zero or one\nLike or dislike, coal mine canary\nI dream in color, not black and white\nYou sell your daughter on that data stream\nDopamine make it hit now\nHumans don't understand, humans gon' sell a lie\nHumans gotta survive, we know we gon' die\nNothing can live forever, you know we gon' try\nLife, is it really worth it? The algorhythm is perfect, mmh\n\n[Chorus]\nEverybody (Everybody), move your body, now do it (Now do it)\nHere is something (Ooh), that's gonna make you move and groove\n(Please don't lose that tempo)\nAlgorhythm\n(Moving how they say so)\nAlgorhythm\n[Verse 2]\nStep, step, slide, slide\nMove your body from side to side\nClap your hands, don't spite the vibe\nKeep on moving, you might survive\nPressure is to evolve, take a bite of the apple\nWe crush it into the sauce, how do we know the cost?\nHow do we know the truth without feeling what could be false?\nFreedom of being wrong, freedom of being lost\nWait a minute, wait a minute (Wait a minute, wait a minute)\nFeelin' like the devil did it (Devil did it, ooh)\nLord willing, I'ma step to it (Step to it)\nYou gon' fall behind if you can't do it (Ooh, yeah)\nOoh, we eating good over here now (Yeah)\nIs you eating good over there now? (No)\nHuman ain't the move, do I care now? (No)\nLooking for something worth it, the algorhythm is perfect, mmh\n\n[Chorus]\nEverybody (Everybody), move your body, now do it (Now do it)\nHere is something (Ooh), that's gonna make you move and groove\n(Please don't lose that tempo)\nAlgorhythm\n(Moving how they say so)\nAlgorhythm (Woo)\nEverybody (Everybody), move your body, now do it (Now do it)\nHere is something (Ooh), that's gonna make you move and groove\nAlgorhythm (Woo)\nAlgorhythm (Yeah, yeah)""}"
Ca plane pour moi,Plastic Bertrand,"{'title': 'Genius English Translations – Plastic Bertrand - Ça Pl', 'lyrics': '[Verse 1]\nWham! Bam! My cat, Splash\nIs rolling around on my bed\nHe swallowed his tongue as he\u2005drank\u2005all my whisky\nAs\u2005for me, I\'ve hardly slept, I\u2005feel empty and reprimanded\nI had to sleep in the gutter\nWhere I had a flash of inspiration\nOoh-ooh-ooh-ooh\nIn four colours\n\n[Verse 2]\nOK, let\'s go! One morning\nA babe came round to my house\nShe looked like a cellophane doll with curly hair\nShe was wearing a plaster and had a hangover\nShe drank my beer in a large rubber glass\nOoh-ooh-ooh-ooh\nJust like an Indian might do in his igloo\n\n[Chorus]\nIt\'s all working out for me, it\'s all working out for me\nIt\'s all working out for me-me-me-me-me\nIt\'s all working out for me\nOoh-ooh-ooh-ooh\nIt\'s all working out for me\n[Verse 3]\nOK, let\'s go! That babe was such a bitch\nWhat a vibration!\nComing on the doormat\nFiled down, ruined, empty, but happy\n""You are the King of the Divan!""\nShe says to me in passing\nI am the King of the Divan\n\n[Chorus]\nIt\'s all working out for me, it\'s all working out for me\nIt\'s all working out for me-me-me-me-me\nIt\'s all working out for me\nOoh-ooh-ooh-ooh\nIt\'s all working out for me\n\n[Verse 4]\nOK, let\'s go! Mind your own, keep your nose out\nDon\'t harm my planet\nToday\'s not the day the sky will fall down around my ears\nOr that I will have to go without a drink\nOoh-ooh-ooh-ooh\nIt\'s all working out for me\n\n[Verse 4]\nOK, let\'s go! my baby upped and left\nShe walked out on me, it\'s a shitty situation\nShe broke everything, the sink, the bar\nAnd she left me all alone\nLike a total jerk\nStuck here faced with the aftermath\n[Chorus]\nIt\'s all working out for me, it\'s all working out for me\nIt\'s all working out for me-me-me-me-me\nIt\'s all working out for me\nOoh-ooh-ooh-ooh\nIt\'s all working out for me\nIt\'s all working out for me, it\'s all working out for me\nIt\'s all working out for me-me-me-me-me\nIt\'s all working out for me'}"
Fantasya,Pedro LaDroga,"{'title': 'Mariah Carey – Fantasy Lyrics', 'lyrics': ""[Verse 1]\nOh, when you walk by every night\nTalking sweet and looking fine\nI get kind of hectic inside\nMmm, baby, I'm so into you\nDarling, if you only knew\nAll the things that flow through my mind\n\n[Chorus]\nBut it's just a sweet, sweet fantasy, baby\nWhen I close my eyes, you come and take me\nOn and on and on, it's so deep in my daydreams\nBut it's just a sweet, sweet fantasy, baby (Fantasy)\n(And I want you so bad)\n\n[Verse 2]\nImages of rapture\nCreep into me slowly\nAs you're going to my head\nAnd my heart beats faster\nWhen you take me over\nTime and time and time again\n\n[Chorus]\nBut it's just a sweet, sweet fantasy, baby\nWhen I close my eyes, you come and take me\nOn and on and on, it's so deep in my daydreams\nBut it's just a sweet, sweet fantasy, baby (Fantasy)\nOh, oh, it's just a sweet, sweet fantasy, baby\nWhen I close my eyes you come and take me\nOn and on and on, it's so deep in my daydreams\nBut it's just a sweet, sweet fantasy, baby (Fantasy)\n\n[Bridge]\nI'm in heaven\nWith my boyfriend, my laughing boyfriend\nThere's no beginning and there is no end\nFeels like I'm dreaming, but I'm not sleeping\n\n[Chorus]\nOh, it's just a sweet, sweet fantasy, baby\nWhen I close my eyes, you come and take me\nOn and on and on, it's so deep in my daydreams\nBut it's just a sweet, sweet fantasy, baby\nSweet, sweet fantasy, baby\nWhen I close my eyes, you come and take me\nOn and on and on, it's so deep in my daydreams\nBut it's just a sweet, sweet fantasy, baby\nSweet, sweet fantasy, baby\nSweet, sweet fantasy, baby""}"
1996,InnerCut,"{'title': 'Marilyn Manson – 1996 Lyrics', 'lyrics': ""[Intro]\nLight a candle for the sinners\nSet the world on fire\n\n[Verse 1]\nAnti choice and anti girl\nI am the anti-flag unfurled\nAnti white and anti man\nI got the anti-future plan\n\nAnti fascist, anti mod\nI am the anti-music god\nAnti sober, anti whore\nThere will never be enough of anti more\n\n[Pre-Chorus]\nI can't believe in the things\nThat don't believe in me\nNow, it's your turn to see what I hate about me\n\n[Chorus]\nAnti people, now you've gone too far\nHere's your Antichrist Superstar\n\n[Verse 2]\nAnti money, anti hate\nAnti things I fucked and ate\nAnti cop and anti fun\nHere is my anti-President gun\n\nAnti Satan, anti black\nThe anti world is on my back\nAnti gay and anti dope\nI am the faggot anti-Pope\n\n[Pre-Chorus]\nI can't believe in the things\nThat don't believe in me\nNow, it's your turn to see what I hate about me\n\n[Chorus]\nAnti people, now you've gone too far\nAntichrist Superstar\nAnti people, now you've gone too far\nHere's your Antichrist Superstar\n\n[Bridge]\nThis is where your faith ends\n\n1996! 1996! 1996! 1996!\n\n[Verse 3]\nAnti peace and anti life\nAnti husband, anti wife\nAnti song and anti me\nI don't deserve a chance to be\n\n[Chorus]\nAnti people, now you've gone too far\nAntichrist Superstar\nAnti people, now you've gone too far\nHere's your Antichrist Superstar""}"
Kuzola,Pongo,"{'title': 'PONGO – Kuzola Lyrics', 'lyrics': 'Yeleleleleee\nYelelele Yelelele\n\nMeu amor me deixou\nMeu amor me deixou\nChorando deixou\nSó por causa de outra garina\nMeu amor me deixou\nSó por causa de outra garina\nMeu amor me deixou\nSo wa, so wa wa\nSo wa, so wa wa\nSo wa, so wa wa\nSo wa, so wa wa\n\nTodas as miúdas do paraná\nAte já namoram\nCom meu namorado\nEle é todo meu\nVou fazer sassassa\nEu não quero mais\nTanto sofrimento\n\nSou a dama da zona\nRabuda\nQue manda no requebraaa\nA criola que cuida\nTe ama, te beija, faz, viajar\n\nSou eu, sou eu, sou eu\nSou eu, sou eu, sou eu\n\nMeu amor me deixou\nMeu amor me deixou\nChorando deixou\nSó por causa de outra garina\nMeu amor me deixou\nSó por causa de outra garina\nMeu amor me deixou\nSo wa, so wa wa\nSo wa, so wa wa\nSo wa, so wa wa\nSo wa, so wa wa\n\nEra tua Bibi\nMiúda mas linda daquela banda\nMas me deixaste aqui\nChorando sozinha na nossa cama\nAmendukussolé ai uiwée\nAmendundukussolé está me doer\n\nSou a dama da zona\nRabuda\nQue manda no requebraa\nA criola que cuida\nTe ama, te beija, faz, viajar\n\nSou eu, sou eu, sou eu\nSou eu, sou eu, sou eu\n\nMeu amor me deixou\nMeu amor me deixou\nChorando deixou\nSó por causa de outra garina\nMeu amor me deixou\nSó por causa de outra garina\nMeu amor me deixou\nSo wa, so wa wa\nSo wa, so wa wa\nSo wa, so wa wa\nSo wa, so wa wa\n\nChikiiiiitooo\nMe trocaste pela lembinha\nAquela  bem fininhaaa\n\nXeeee ta me doer\n\nSou eu, sou eu, sou eu\nSou eu, sou eu, sou eu\n\nMeu amor me deixou\nMeu amor me deixou\nChorando deixou\nSó por causa de outra garina\nMeu amor me deixou\nSó por causa de outra garina\nMeu amor me deixou\n\nAi uiwée amendukussolé\nTa me doer amendukussolé (x4)'}"
Tiburon,Proyecto Uno,"{'title': 'Proyecto Uno – El Tiburón Lyrics', 'lyrics': '[Letra de ""El Tiburon""]\n\n[Verso 1]\nFui a la discoteca a ver si me conseguía una fresca\nGot myself some rum\nCause where I\'m from sometimes you need some\nMe tomé mi trago y una princesa pasó por mi lado\nLa miré con ganas con esa carita de fama\nElla miró OH SI! Ella pasó OH NO!\nElla se volvió con una sonrisa\nTengo que bailar con esa muñequita\nLa invitó y puso brinca\nY enseguida quise jalarla pa\' la pista\nY cuando llegué AY\nLlegó el tiburón y con el se me fue\n\n[Pre-Coro]\nAHÍ ESTÁ el tiburón\nAHÍ ESTÁ el tiburón\nSE LA LLEVÓ EL TIBURÓN, EL TIBURÓN, el tiburón\nAHÍ ESTÁ el tiburón\nAHÍ ESTÁ el tiburón\nSE LA LLEVÓ EL TIBURÓN, EL TIBURÓN\n\n[Coro]\nNo pares, SIGUE, SIGUE. No pares, SIGUE, SIGUE\nNo pares, SIGUE, SIGUE. No pares, SIGUE, SIGUE\nNo pares, SIGUE, SIGUE. No pares, SIGUE, SIGUE\nNo pares, SIGUE, SIGUE. No pares, SIGUE, SIGUE\n[Verso 2]\nOkey, tanto, encontré otra chica que estaba mejor\nBailamos tres merengues de corrido y gozamos\nLuego nos sentamos, ordenamos bebidas y conversamos\nShe look good, so of course I lied all my girls from the hood\nElla preguntó si tenía novia y yo dije no\nMe quité el anillo, despacito me lo metí en el bolsillo\nVino un descarado y me dijo : ¡Jo!...¿Tú no eres casado?\nMe quedé pasmado y enseguida se la llevó de mi lado\nOH MY GOD ESE TIBURÓN\nYo pense que tú sabías que es Proyecto Uno!\nDela uh!\n\n[Pre-Coro]\nAHÍ ESTÁ el tiburón\nAHÍ ESTÁ el tiburón\nSE LA LLEVÓ EL TIBURÓN, EL TIBURÓN\nAHÍ ESTÁ el tiburón\nAHÍ ESTÁ el tiburón\nSE LA LLEVÓ EL TIBURÓN, EL TIBURÓN\n\n[Coro]\nNo pares, SIGUE, SIGUE. No pares, SIGUE, SIGUE\nNo pares, SIGUE, SIGUE. No pares, SIGUE, SIGUE\nNo pares, SIGUE, SIGUE. No pares, SIGUE, SIGUE\nNo pares, SIGUE, SIGUE. No pares, SIGUE, SIGUE\n[Puente 1]\nUH! CHOCOLATE, CHOCOLATE, CHOCOLATE, CHOCO\nUH! DE CANELA, DE CANELA, DE CANELA, DE CA\nUH! CHOCOLATE, CHOCOLATE, CHOCOLATE, CHOCO\nUH! DE CANELA, DE CANELA, DE CANELA, DE CA\n\n[Puente 2]\nTAM, TAM, TAM, TAM, TAM, TAM, TAM, TAM, GUAU, GUAU, GUAU, GUAU\nTAM, TAM, TAM, TAM, TAM, TAM, TAM, TAM, GUAU\nTAM, TAM, TAM, TAM, TAM, TAM, TAM, TAM, GUAU, GUAU, GUAU, GUAU\nTAM, TAM, TAM, TAM, TAM, TAM, TAM, TAM, GUAU\n\n[Puente 3]\nUN POQUITO MÁS SUAVE, UN POQUITO MÁS SUAVE\nUN POQUITO MÁS SUAVE, UN POQUITO MÁS SUAVE\nUN POQUITO MÁS SUAVE, UN POQUITO MÁS SUAVE\nUN POQUITO MÁS SUAVE, UN POQUITO MÁS SUAVE\nUN POQUITO MÁS DURO, UN POQUITO MÁS DURO\nUN POQUITO MÁS DURO, UN POQUITO MÁS DURO\nUN POQUITO MÁS DURO, UN POQUITO MÁS DURO\nUN POQUITO MÁS DURO, UN POQUITO MÁS DURO\n\n[Puente 1]\nUH! CHOCOLATE, CHOCOLATE, CHOCOLATE, CHOCO\nUH! DE CANELA, DE CANELA, DE CANELA, DE CA\nUH! CHOCOLATE, CHOCOLATE, CHOCOLATE, CHOCO\nUH! DE CANELA, DE CANELA, DE CANELA, DE CA\n[Puente 4]\nCON LA MANO ARRIBA ¡HUEY!\nCON LA MANO ARRIBA ¡HUEY!\nCON LA MANO ARRIBA ¡HUEY!\nQUE ESTA FIESTA NO TERMINA\nCON LA MANO ARRIBA ¡HUEY!\nCON LA MANO ARRIBA ¡HUEY!\nCON LA MANO ARRIBA ¡HUEY!\nQUE ESTA FIESTA NO TERMINA\n\n[Coro]\nNo pares, SIGUE, SIGUE. No pares, SIGUE, SIGUE\nNo pares, SIGUE, SIGUE. No pares, SIGUE, SIGUE\nNo pares, SIGUE, SIGUE. No pares, SIGUE, SIGUE\nNo pares, SIGUE, SIGUE. No pares, SIGUE, SIGUE'}"
Dance With Me,Deux,"{'title': 'Morgan Evans – Dance With Me Lyrics', 'lyrics': ""[Verse 1]\nMay my hands be the hands you hold onto\nWhen you let go of everything else\nMay my arms be the arms that you fall into\nWhen the night gets too heavy to hold by yourself\n\n[Pre-Chorus]\nIf you're looking for a safe place to land\nI will guide you home\nAnd if the levy of your life breaks all your plans\nYou’ll never be alone\n\n[Chorus]\nIf you dance with me\nFeel my heartbeat through your body to your feet\nIf you dance with me\nHold me in the dark now, until both your eyes can see\nAnd if it's you and me against the world\nIf I'm your man, you’re my girl\nWe'll win you'll see, if you dance with me\n\n[Verse 2]\nMay my shoulder be the shoulder you rest your head on\nWhen you close your eyes to sleep\nAnd may my lips be the lips that you wake up to\nKiss you like the morning sun\nAll over your smile\n\n[Pre-Chorus]\nAnd no matter where this winding road will lead you\nI will keep you strong\nThrough the minors and the majors, I will sing you like a song\nI hope you sing along\n\n[Chorus]\nAnd I hope you dance with me\nFeel my heartbeat through your body to your feet\nI hope you dance with me\nHold me in the dark now, until both your eyes can see\nAnd if it's you and me against the world\nIf I'm your man and you're my girl\nWe'll win you'll see, if you dance with me\nAnd if my heart is yours and yours is mine\nTogether through the test of time\nWe’ll win you’ll see, if you dance with me\nWe'll win you’ll see, if you dance with me""}"
Spinnerei,Planet Caravan,"{'title': 'Pyrin – Eiland Lyrics', 'lyrics': '[Part 1:]\nDas Dankfest des Feuers, die Ernte der Schonzeit\nCharakter, gebildet, gelernt aus Gewohnheit\nEine sterbende Hoheit, ein Barbar, der am Leben ist\nMein Himmel, meine Hölle, mein Hades, mein Eleusis\nReligion, Spinnerei, das All aus der Retorte\nVerständnis entzieht sich der Gewalt deiner Worte\nDer Geist, der alles vereinigt, fühlt sich nicht einsam\nMein Verständnis, meine Wahrheit, meine Lüge, mein Eiland\nHimmlisch göttliche Zirkel, teuflische Kreise\nMeine Dichtung, meine Kunst, die Bäume des Geistes\nHerrschaft, Kontrolle, gewollt und nicht verstanden\nDas Objekt im Subjekt, verschmolzen zu Mutanten\nDas Subjekt im Objekt, falscher Halt für die Seele\nKristalle des Elends, das Salz in der Träne\nIm Angesichte des Todes feiert das Leben den Einstand\nMein Anker, mein Fels, mein Eden, mein Eiland\n\n[Sample:]\n""Wer denkt, er sei mehr als die anderen, muss sich zum Friedhof begeben. Dort wird er sehen, was das Leben wirklich ist: Es ist eine handvoll Staub.""\n\n[Part 2:]\nReden ist mein Spiel, Schweigen ist mein Trumpf\nAlleine sind wir nichts, gemeinsam sind wir dumm\nDer alternde Geist bleibt jung, hermetisch hinter der Öffnung\nMein Wille, mein Weg, mein Planet, meine Schöpfung\nEin Käfig, ein Muster, der Verstand hat es in sich\nGeschaffen, verzerrt, als Krankheit verinnerlicht\nDer Schlammspringer schwimmt nicht, er bewegt sich im Treibsand\nMeine Krippe, mein Galgen, mein Leben, mein Eiland\nVerstandlos in der Gegenwart, hinterher ist man klüger\nHimmel und Hölle stehen nicht dazwischen, sondern darüber\nEin wütender Minotauros, ein ängstliches Einhorn\nGrenzen gesprengt, Existenz in ihrer Reinform\nEinheitsbrei, Einerlei, Affen beim Ententanz\nEin Zirkus, ein Käfig, geschaffen von Menschenhand\nKontemplation im Treibsand, Elend auf der Leinwand\nMein Anker, mein Fels, mein Eden, mein Eiland\n[Sample:]\n""Wir alle sind Co-Autoren dieser tanzenden Euphorie. Denn selbst unsere Unzulänglichkeit feiert ihr Fest. Wir sind die Autoren unseres eigenen Ichs, Co-Autoren eines gigantischen Dostojewski Romans, mit Clowns als Hauptdarstellern. Dieses universale Ding, das wir als Welt bezeichnen, ist nichts weiter, als die Gelegenheit, zu zeigen, wie aufregend Entfremdung sein kann.""'}"
Home,Edward Sharpe & The Magnetic Zeros,"{'title': 'Edward Sharpe & The Magnetic Zeros – Home Lyrics', 'lyrics': ""[Verse 1: Jade & Alexander]\nAlabama, Arkansas, I do love my Ma and Pa\nNot the way that I do love you\nWell, holy moly, me oh my, you're the apple of my eye\nGirl, I never loved one like you\nMan, oh, man, you're my best friend, I scream it to the nothingness\nThere ain't nothing that I need\nWell, hot and heavy pumpkin pie, chocolate candy, Jesus Christ\nAin't nothing please me more than you\n\n[Chorus: Both]\nOh, home, let me come home\nHome is wherever I'm with you\nOh, home, let me come home\nHome is wherever I'm with you\n\n[Post-Chorus: Both]\nLa, la, la, la, take me home\nHoney (Mother), I'm coming home\n\n[Verse 2: Jade & Alexander & both]\nI'll follow you into the park, through the jungle, through the dark\nGirl, I never loved one like you\nMoats and boats and waterfalls, alleyways and pay phone calls\nI been everywhere with you (that's true)\nLaugh until we think we'll die, barefoot on a summer night\nNever could be sweeter than with you\nAnd in the streets you run afree, like it's only you and me\nGeez, you're something to see\n\n[Chorus: Both]\nOh, home, let me come home\nHome is whenever I'm with you\nOh, home, let me come home\nHome is wherever I'm with you\n\n[Post-Chorus: Bridge]\nLa, la, la, la take me home\nDaddy, I'm coming home\n\n[Bridge: Jade & Alexander (spoken)]\nJade?\nAlexander?\nDo you remember that day you fell outta my window?\nI sure do ‒ you came jumping out after me!\nWell, you fell on the concrete and nearly broke you ass, and you were bleeding all over the place, and I rushed you out to the hospital. You remember that?\nYes, I do\nWell there's something I never told you about that night\nWhat didn't you tell me?\nWhile you were sitting in the back seat smoking a cigarette you thought was gonna be your last, I was falling deep, deeply in love with you, and I never told you 'til just now!\nAww!\n\n[Chorus: Both]\nOh, home, let me come home\nHome is whenever I'm with you\nOh, home, let me come home\nHome is where I'm alone with you\n\n[Outro: Jade & Alexander]\nHome, let me come home\nHome is wherever I'm with you\nHome, yes I am home\nHome is when I'm alone with you\n\nAlabama, Arkansas\nI do love my Ma and Pa\nMoats and boats and waterfalls\nAlleyways and payphone calls\n\n(Oh home) Home\n(Oh home) Home\nHome is wherever I'm with you\n(Oh home) Home\n(Oh home) Home\nHome is when I'm alone with you""}"
Where Is My Mind? - Remastered,Pixies,"{'title': 'Pixies – Where Is My Mind? Lyrics', 'lyrics': ""[Intro]\n(Ooh)—stop\n\n[Verse 1]\nWith your feet on the air and your head on the ground\nTry this trick and spin it, yeah (Yeah)\nYour head will collapse, and there's nothing in it\nAnd you'll ask yourself\n\n[Chorus]\nWhere is my mind?\nWhere is my mind?\nWhere is my mind?\nWay out in the water, see it swimmin'\n\n[Verse 2]\nI was swimmin' in the Caribbean\nAnimals were hiding behind the rocks\nExcept the little fish\nBumped into me, I swear he was trying to talk to me, koi-koi\n\n[Chorus]\nWhere is my mind?\nWhere is my mind?\nWhere is my mind?\nWay out in the water, see it swimmin'\n[Verse 3]\nWith your feet on the air and your head on the ground\nTry this trick and spin it, yeah\nYour head will collapse, and there's nothing in it\nAnd you'll ask yourself\n\n[Chorus]\nWhere is my mind?\nWhere is my mind?\nWhere is my mind?\nWay out in the water, see it swimmin'\n\n[Outro]\nWith your feet on the air and your head on the ground\nTry this trick and spin it, yeah""}"
René,Residente,"{'title': 'Residente – René Lyrics', 'lyrics': '[Letra de ""René""]\n\n[Intro]\nRené, ven, vamos a estudiar\nSí, te voy a hacer una pregunta, tú me la contesta\'\n¿Con\u2005qué\u2005parte del cuerpo\u2005jugaban pelota\' lo\' indio\' taíno\'?\nRené, contéstame,\u2005sí e\' fácil\nAtiéndeme, atiéndeme, mírame\n¿Con qué parte del cuerpo, piensa, jugaban pelota los indio\' taíno\'?\nYa sé, te la canto y entonce\' así tú te la vas aprendiendo\n\n[Refrán]\nCabeza, rodilla, muslos y cadera\nCabeza, rodilla, muslos y cadera\nCabeza, rodilla, muslos y cadera\nCabeza, rodilla, muslos y—\n\n[Verso 1]\nDesde pequeño quería ser beisbolista, no llegué\nAsí que aprendí a batear hits por encima de una pista\nVolví a tomar alcohol en mi despacho\nEscribo bien sobrio pero escribo mejor borracho\nCuando caigo en depresión mis problemas se los cuento a la ventana del avión\nEl estrés me tiene enfermo, hace 10 año\' que no duermo\nEl IRS me sigue investigando\nMe estoy divorciando, pero no importa, yo sigo rimando\nCometo errores pero hago lo que pueda\nAprendí a aterrizar sin ruedas, y…\nAunque en la calle me reconocen, ya ni mis amigo\' me conocen\nEstoy triste y me río\nEl concierto está lleno pero yo estoy vacío\nEn la industria de la música todo es mentira\nMi hijo tiene que comer, así que sigo de gira\nSolo me queda lo que tengo\nNo sé pa\' dónde voy pero sé de donde vengo\nMe crié con Christopher, mi pana\nTiramo\' piedra\' juntos, rompimo\' un par de ventana\'\nCorríamo\' por la calle sin camiseta en las parcela\' de Trujillo, cuesta abajo en bicicleta\nLa bici encima del barro, con un vaso de plástico en la goma pa\' que suene como un carro\nRecargábamos batería con malta india y pan con ajo, nadie no\' detenía\nEramo\' inseparable\' hasta que un día lo mataron entre cuatro policía\'\nMi alegría sigue rota, se apagaron la\' luce\' en el parque de pelota\'\n[Estribillo]\nYa no queda casi nadie aquí\nA veces ya no quiero estar aquí\nMe siento solo aquí en el medio de la fiesta\nQuiero estar en donde nadie me molesta\nQuemar mi libreta, soltar mis maleta\'\nQuiero llamar al 755-0822, a ver quién contesta\n\n[Verso 2]\nLas pelea\' con mi padrastro cuando perdía el control\nLas resolvía con él viendo un partido de béisbol\nMe invitó a palear un par de vece\'\nMe escapé de casa un par de vece\'\nPero nunca faltó el alimento\nNos defendió con música tocando en casamiento\'\nA vece\' al horno, a vece\' de lata y microonda\'\nCompartíamos todo, la mesa era redonda\nClase media-baja, nunca fuimo\' dueño\'\nEl préstamo del banco se robaba nuestro\' sueño\'\nLa cuenta de ahorro vacía pero mami bailando flamenco nos alegraba el día\nDejó de actuar pa\' cuidarno\' a los cuatro\'\nY nos convertimo\' en su obra de teatro\nElla se puso nuestra\' bota\'\nY su vida fue de nuestro\' logro\' y nuestra\' derrota\'\nMi padrastro se fue con otros pece\'\nNos mudamo\' de la Calle 13\nMe fui a buscar la suerte en un mar de paja\'\nY mi vida entera la empaqué en una caja\nEn la universidad de arte me becaron\nA la mitad de mis amigo\' los mataron\nEmpecé a rapear de nuevo, empecé a creer de nuevo\nVolví, saqué un disco, me comí el mundo de un mordisco\nEn Puerto Rico despidieron empleado\', insulté al gobernador y quedó televisado\nCensuraron cuatro año\' de mi calendario\nAbuela murió, no me vio tocar en el estadio\nDije to\' lo que sentí, me quieren má\' afuera que en mi propio paí\'\nPero aunque mis cancione\' las cante un alemán\nQuiero que me entierren en el viejo San Juan\nPuede que la tristeza la disimule, pero estoy hecho de arroz con gandule\'\nY me duele, no importa que el ron de la madrugada me consuele\nY desde adentro de la pulpa, si la cagué, a mi paí\' le dedico cuatro piso\' de disculpa\'\n[Estribillo]\nYa no queda casi nadie aquí\nA veces ya no quiero estar aquí\nMe siento solo aquí\nEn el medio de la fiesta, quiero estar en donde nadie me molesta\nQuemar mi libreta, soltar mis maleta\'\nQuiero llamar al 755-0822, a ver quién contesta\n\n[Verso 3]\nY si me contestan, quiero decirles que quiero volver\nQue quiero salir de este hotel y desaparecer\nY si me contestan, quiero decirles que quiero bajar el telón\nQue a veces me sube la presión, que tengo miedo que se caiga el avión\nQue no me importan las gira\', los disco\', los Grammy\nY que en la Calle 11 quiero volver a ver el cometa Halley con mami\nQuiero volver a cuando mis ventana\' eran de sol y me despertaba el calor\nA cuando me llamaban pa\' jugar, a cuando rapeaba sin cobrar\nQuiero sacar las carta\' del pelota\' del envase, volver a robarme segunda base\nEn verano y navidade\', limpiar la casa con mis hermano\' escuchando a Rubén Blades\nQuiero volver, ir al cine en la semana y llegar a la escuela de arte\' en la mañana\nQuiero quedarme allí, no quiero salir de allí\nQuiero volver a cuando no me dejaban entrar porque me vestía mal\nQuiero volver a sentir, a cuando no tenía que fingír\nYo quiero volver a ser yo\n\n[Refrán]\nCabeza, rodilla, muslos y cadera\nCabeza, rodilla, muslos y cadera\nCabeza, rodilla, muslos y cadera\nCabeza, rodilla, muslos y cadera\nCabeza, rodilla, muslos y cadera\nCabeza, rodilla, muslos y cadera\nCabeza, rodilla, muslos y cadera\nCabeza, rodilla, muslos y cadera\n[Outro Tarareada: Rubén Blades]'}"
Okashi,Charlotte Adigéry,"{'title': 'Charlotte Adigéry – Okashi Lyrics', 'lyrics': '[Verse 1]\nDo you ever desire a mother’s embrace\nWell we offer them free for every client subscribing now\nRemember the first time you ate candy\nCheck-in now the experience will be yours to keep\n\n[Verse 2]\nRemember how colours they felt so sweet\nAll you needed was your fantasy to enjoy your day\nGo back to the age you could flee reality\nWe know that you’ve been longing for that feeling for a long time\n\n[Bridge]\nOur house throws you back in time to when you were a little child to escape for a while\nNo more stress no emptiness pure innocence and confidence like when you were just 5\n\n[Chorus]\nA single drop will raise your earliest memories\nA single drop could be the quickest remedy\nA single drop will raise your earliest memories\nA single drop\nA single drop will raise your earliest memories\n\n[Verse 3]\nThe freedom of blissful ignorance and joy\nYes we know what you want and need come see us night or day\nIf you cannot make it to our rendez-vous\nYou can order a home alone kit so you don’t have to move\n[Chorus]\nA single drop will raise your earliest memories\nA single drop could be the quickest remedy\nA single drop will raise your earliest memories\nA single drop\nA single drop could be the quickest remedy\nA single drop\nA single drop will raise your earliest memories\nA single drop\nA single drop could be the quickest remedy\nA single drop\nA single drop will raise your earliest memories\nA single drop'}"
Mumma Don't Tell - Faltydl Remix,Leifur James,"{'title': ""Charlene – I've Never Been To Me Lyrics"", 'lyrics': ""[Verse 1]\nHey, lady, you, lady\nCursing at your life\nYou're a discontented mother\nAnd a regimented wife\nI've no doubt you dream about\nThe things you'll never do\nBut I wish someone had talked to me\nLike I wanna talk of you\n\n[Verse 2]\nOoo, I've been to Georgia\nAnd California\nAnd anywhere I could run\nTook the hand of a preacher man\nAnd we made love in the sun\nBut I ran out of places and friendly faces\nBecause I had to be free\n\n[Chorus]\nI've been to paradise\nBut I've never been to me\n\n[Verse 3]\nPlease lady, please, lady\nDon't just walk away\n'Cause I have this need to tell you\nWhy I'm all alone today\nI can see so much of me\nStill living in your eyes\nWon't you share a part\nOf a weary heart\nThat has lived a million lives\n\n[Verse 4]\nOh, I've been to Nice\nAnd the isle of Greece\nWhen I sipped champagne on a yacht\nI moved like Harlow in Monte Carlo\nAnd showed 'em what I've got\nI've been undressed by kings\nAnd I've seen some things\nThat a woman ain't supposed to see\n\n[Chorus]\nI've been to paradise\nBut I've never been to me\n\n[Spoken Verse 5]\nHey, you know what paradise is?\nIt's a lie\nA fantasy we created about people and places\nAs we'd like them to be\nBut you know what truth is?\nIt's that little baby you're holding\nAnd it's that man you fought with this morning\nThe same one you're going to make love with tonight\nThat's truth, that's love\n\n[Verse 6]\nSometimes I've been to crying\nFor unborn children\nThat might have made me complete\nBut I, I took the sweet life I never knew\nI'd be bitter from the sweet\nI've spent my life exploring\nThe subtle whoring\nThat costs too much to be free\n\n[Chorus]\nHey lady, I've been to paradise\nBut I've never been to me\nI've been to paradise\nNever been to me\n\n[Outro]\nI've been to Georgia and California\nAnd anywhere I could run\nI've been to paradise\nNever been to me\nBeen to Nice and the isle of Greece\nWhen I've sipped champagne on a yacht\nI've been to paradise\nNever been to me""}"
Multi-Love,Unknown Mortal Orchestra,"{'title': 'Unknown Mortal Orchestra – Multi-Love Lyrics', 'lyrics': ""[Verse 1]\nMulti-love\nChecked into my heart and trashed it like a hotel room\nWho is your God, where is she?\nShe wants to bury me in Austin under Uchiko\nShe don't want to be your man or woman\nShe wants to be your love\n\n[Verse 2]\nMulti-love\nAll of the other stalker daughters dragged her under\nMay all her minds be made up\nI'll be her Vicodin, expired and escaped to Valhalla\nShe don't want to be your man or woman\nShe wants to be your love\n\n[Chorus]\nMulti-love's got me on my knee\nWe were one, then become three\nMama, what have you done to me?\nI'm half crazy\n\n[Verse 3]\nMulti-love\nIt's not that this song's about her\nAll songs are about her\nThe sun shines underneath us\nFearing new kinds of mind control and just blaming each other\nShe don't want to be your man or woman\nShe wants to be your love\n[Verse 1]\nMulti-love\nChecked into my heart and trashed it like a hotel room\nWho is your God, where is she?\nShe wants to bury me in Austin under Uchiko\nShe don't want to be your man or woman\nShe wants to be your love\n\n[Chorus]\nMulti-love's got me on my knee\nWe were one, then become three\nMama, what have you done to me?\nI'm half crazy\nMulti-love's got me on my knee\nWe were one, then become three\nMama, what have you done to me?\nI'm half crazy""}"
Nothing's Gonna Hurt You Baby,Cigarettes After Sex,"{'title': ""Cigarettes After Sex – Nothing's Gonna Hurt You"", 'lyrics': ""[Verse 1]\nWhispered something in your ear\nIt was a perverted thing to say\nBut I said it anyway\nMade you smile and look away\n\n[Chorus]\nNothing's gonna hurt you baby\nAs long as you're with me you'll be just fine\nNothing's gonna hurt you baby\nNothing's gonna take you from my side\n\n[Verse 2]\nWhen we dance in my living room\nTo that silly 90's R&B\nWhen we have a drink or three\nAlways ends in a hazy shower scene\n\n[Chorus]\nNothing's gonna hurt you baby\nAs long as you're with me you'll be just fine\nNothing's gonna hurt you baby\nNothing's gonna take you from my side\n\n[Bridge]\nWhen we laugh into the microphone and sing\nWith our sunglasses on to our favorite songs\nWhen we're laughing in the microphone and singing\nWith our sunglasses on to our favorite songs\n\n[Outro]\nNothing's gonna hurt you baby\nNothing's gonna take you from my side""}"
Giddy On The Ciggies,Sleaford Mods,"{'title': 'Sleaford Mods – Giddy on the Ciggies Lyrics', 'lyrics': ""[Intro]\nGiddy on the ciggie\nGiddy on the ciggie\n\n[Verse 1]\nRip roaring, mini pony munt, David Gandy, utter\nBlue tits, right wing sex tips\nQuick pull it out the bin Alice, let’s sell it\nEbay it, rough bars, mixing tunes\nWe be purple polo lards, broke down on snake pass\nYou cunt make it up, we be fat ass fat men, Starbucks anthem\nSubway, we’re gonna take you down in the subway at midnight\nTwo shot mocha, wee wee spliff, dogger on the look out\nQuick, bang it down, the motorway is our kin kingdom man\n\n[Chorus]\nGiddy on the ciggie\nGiddy on the ciggies\nGiddy on the ciggies\nRip roaring, Minnie Mouse\nLittle pony munt, David Gandy\nRipped up Tory cunt\n\n[Verse 2]\nI didn't put the call through, I just sat 'ere poisoning feeds\nProfanity, fighting off the comedy working class\nIts no longer 1979 you...\nPhotos of Bowies low won’t get you a coat like Neil Kinnock’s\nOh really? Humanist as opposed to your shop floor representatives\nOh no, dirty overall creased machine, I did a Thatcher\nI got myself on a business scheme L-T-D\nNow look at me comrade, I’m always fucking home for tea\nNo grovel, punch the card four week notice, notice me\nPissed out me head, key to the city\n[Chorus]\nGiddy on the ciggie\nGiddy on the ciggies\nGiddy on the ciggies\nRip roaring, Minnie Mouse\nLittle pony munt, David Gandy\nRipped up Tory cunt\n\n[Verse 3]\nI’ll let him go, soul crushed, final warning\nTrying to keep a brave face whilst his nose was runnin’\nShould of trained him properly\nIf ya don’t take to it you get thrown off the lorry\nDusty trail, rusty rockets won’t stop it\nHis palace ain’t libel, Hugo Boss took it off, so what?\nA celeb do will not justify you, end of no flash articles\nNo Flash Harry, no flash articles, I know people care\nWe all fucking care, but care don’t dare it even scratch the surface\nIt don’t even acknowledge small bumps smooth surface\n\n[Chorus]\nGiddy on the ciggie\nGiddy on the ciggies\nGiddy on the ciggies\nRip roaring, Minnie Mouse\nLittle pony munt, David Gandy\nRipped up Tory cunt\n[Outro]\nGiddy on the ciggie\nGiddy on the ciggie\nGiddy on the ciggie\nGiddy on the ciggie\nGiddy on the ciggie\nGiddy on the ciggie\nGiddy on the ciggie\nGiddy on the ciggie\nGiddy on the ciggie\nGiddy on the ciggie\nGiddy on the ciggie\nGiddy on the ciggie\nGiddy on the ciggie\nGiddy on the ciggie\nGiddy on the ciggie""}"
Affection,Cigarettes After Sex,"{'title': 'Cigarettes After Sex – Affection Lyrics', 'lyrics': ""[Verse 1]\nI know that you say I get mean when I'm drinking, but—\nThen again sometimes I get really sweet, so—\nWhat does it mean if I tell you to go fuck yourself\nOr if I say that you're beautiful to me\n\n[Chorus]\nIt's affection, always\nOoh; you gonna see it someday\nMy attention for you\nEven if it's not what you need\n\n[Verse 2]\nSometimes we talk all night long, we don't shut up\nAnd when it's late we'll say we're still wide awake so...\nWe love to talk about how you'll come up to visit me\nAnd we'll rent a car and we'll drive upstate\n\n[Chorus]\nIt's affection, always\nOoh; you gonna see it someday\nMy attention's on you\nEven if it's not what you need\n\n[Bridge]\nI think of you, I want you too\nI'd fall for you\nI think of you, I want you too\nI'd fall for you\nI think of you, I want you too\nI'd fall for you\nI think of you, I want you too\nI'd fall for you\n\n[Outro]\nIt's affection, always\nIt's affection, always""}"
A Festa,Trüby Trio,"{'title': ""Gigi D'Agostino – La Passion (Angelia In Festa) Lyrics"", 'lyrics': ""I gotta have the key\nTo open your heart to me\nNow, I can set you free\nBe what you wanna be\nDon't wanna live alone\nI gotta be so strong\nDon't wanna be alone\n\nBaby, I love you so\nAnd never let you go\nI'm looking for your face\nWaiting for warm embrace\nI'm living in the space\nI'm following your trace\nTell me, what's going on\nTell me, what's going on\nI'm gonna make you, Queen\nGirl, have you ever seen?\n\nOoh baby, come to me\nBaby, just come to me\nDon't brake my heart tonight\nSwinging my soul desire\nBaby, just come to me\nBe what you wanna be\nUsing your fantasy\nI need your soul to see\n\nBaby, just come to me\nNow, we can do it right\nHolding each other tight\nNow, we can make it right\nI promise you delight\nWaiting until day light\n\nI gotta have the key\nOpen your heart to me\nNow, I can set you free\nBe what you wanna be\nDon't wanna live alone\nI gotta be so strong\nDon't wanna be alone\n\nBaby, I love you so\nAnd never let you go\nI'm looking for your face\nWaiting for warm embrace\nI'm living in the space\nI'm following your trace\nTell me, what's going on\nTell me, what's going on\nI'm gonna make you Queen\nGirl, have you ever seen?\n\nOoh baby, come to me\nBaby, just come to me\nDon't brake my heart tonight\nSwinging my soul desire\nBaby, just come to me\nBe what you wanna be\nUsing your fantasy\nI need your soul to see\n\nBaby, just come to me\nNow, we can do it right\nHolding each other tight\nNow, we can make it right\nI promise you delight\nWaiting until day light\n\nI gotta have the key\nOpen your heart to me\nNow, I can set you free\nBe what you wanna be\nDon't wanna live alone\nI gotta be so strong\nDon't wanna be alone\n\nBaby, I love you so\nAnd never let you go\nI'm looking for your face\nWaiting for warm embrace\nI'm living in the space\nI'm following your trace\nTell me, what's going on\nTell me, what's going on\nI'm gonna make you Queen\nGirl, have you ever seen?\n\nOoh baby, come to me\nBaby, just come to me\nDon't brake my heart tonight\nSwinging my soul desire\nBaby, just come to me\nBe what you wanna be\nUsing your fantasy\nI need your soul to see\nBaby, just come to me\n\nI never think you wanna, we won't belong\nI can see your face too strong\nI sing you wanna think, you'll be wide on mind\nDon't you ever satisfy my soul in any\nBy my side, I'm not laughing\nI'm not crying, don't you go\n\nBaby, I love you so\nAnd never let you go\nI'm looking for your face\nWaiting for warm embrace\nI'm living in the space\nI'm following your trace\nTell me, what's going on\nTell me, what's going on\nI'm gonna make you Queen\nGirl, have you ever seen?\n\nOoh baby, come to me\nBaby, just come to me\nDon't brake my heart tonight\nSwinging my soul desire\nBaby, just come to me\nBe what you wanna be\nUsing your fantasy\nI need your soul to see\nBaby, just come to me\n\nI never think you wanna, we won't belong\nI can see your face too strong\nI sing you wanna think, you'll be wide on mind\nDon't you ever satisfy my soul in any\nBy my side, I'm not laughing\nI'm not crying, don't you go\n\nBaby, I love you so\nAnd never let you go\nI'm looking for your face\nWaiting for warm embrace\nI'm living in the space\nI'm following your trace\nTell me, what's going on\nTell me, what's going on\nI'm gonna make you Queen\nGirl, have you ever seen?\n\nOoh baby, come to me\nBaby, just come to me\nDon't brake my heart tonight\nSwinging my soul desire\nBaby, just come to me\nBe what you wanna be\nUsing your fantasy\nI need your soul to see\nBaby, just come to me\n\nI never think you wanna, we won't belong\nI can see your face too strong\nI sing you wanna think, you'll be wide on mind\nDon't you ever satisfy my soul in any\nBy my side, I'm not laughing\nI'm not crying, don't you go\n\nBaby, I love you so\nAnd never let you go\nI'm looking for your face\nWaiting for warm embrace\nI'm living in the space\nI'm following your trace\nTell me, what's going on\nTell me, what's going on\nI'm gonna make you Queen\nGirl, have you ever seen?\nOoh baby, come to me, to me, to me\n\nI never think you wanna, we won't belong\nI can see your face too strong\nI sing you wanna think, you'll be wide on mind\nDon't you ever satisfy my soul in any\nBy my side, I'm not laughing\nI'm not crying, don't you go\n\nBaby, I love you so\nAnd never let you go\nI'm looking for your face\nWaiting for warm embrace\nI'm living in the space\nI'm following your trace\nTell me, what's going on\nTell me, what's going on\nI'm gonna make you Queen\nGirl, have you ever seen?\n\nOoh baby, come to me""}"
Child,B77,"{'title': 'Lil Keed – Child Lyrics', 'lyrics': ""[Chorus: Lil Keed]\nTrap out the Bentley, don't trap out no Regal\nGeeked the fuck out, I don't know none of these people\nCome out the sunroof and hit at his people\nThrowin' these flames, no need for no heater\nLittle bitty boy always showin' his bankrolls\nThey on his ass like hyenas\nFuckin' these hoes, yeah, no middle finger\nPassin' my hoes to my brothers, they hit 'em\nGot three hoes just like Destiny's Child\nDiamonds real water, please bring the sink, child\nThey just wanna say my name, child\nI'ma catch arthritis with all these rings, child\nBut it's okay\n\n[Verse 1: Lil Keed]\nI put double C on me, yeah\nNow these bitches callin' 'em\nY'all niggas play with young YSL\nKnow we catchin' flagrant fouls\nYeah, I went Givenchy my kicks\nMy Saint Laurent jacket got slits\nYeah, she rose gold pierce her tits\nI rode a private jet, cross that off the list\nYeah, we open fire, don't say a word\nI don't give a fuck what you heard\nWe been killin' niggas 'fore they came out with Purge\nPop a Percocet, yeah, they body hurt\nHit Jeffrey, you know I had to splurge\nJump in Maybach, then we close the curtains\nReal trap nigga\n\n[Chorus: Lil Keed & Moneybagg Yo]\nTrap out the Bentley, don't trap out no Regal\nGeeked the fuck out, I don't know none of these people\nCome out the sunroof and hit at his people\nThrowin' these flames, no need for no heater\nLittle bitty boy always showin' his bankrolls\nThey on his ass like hyenas\nFuckin' these hoes, yeah, no middle finger\nPassin' my hoes to my brothers, they hit 'em\nGot three hoes just like Destiny's Child (Tre, baby)\nDiamonds real water, please bring the sink, child (Right now)\nThey just wanna say my name, child (Big Bagg)\nI'ma catch arthritis with all these rings, child (Go)\nBut it's okay\n\n[Verse 2: Moneybagg Yo]\nI just pulled up in a foreign two seater (Skrrt)\nBreakin' a knob, I trap off the meter (Trap)\nDuckin' a charge and clutchin' the heater (Woah)\nHalf a ticket chillin' on my wife beater (Now)\nI'm from the jungle, I be with the creatures\nNever get full, if they hungry, they eat you (Grr)\nI put in the word, and then they delete him\nAnd if you can't find him then hit up his people (Whoever)\nBread on me, no funnel cake (Ayy)\nThe team eat with me, a hundred plates (Gang)\nGet straight to the action, I don't wanna date (No)\nAnd bitch bring her friend, accommodate (Ugh)\nI'm locked in with mine, don't need no plug\nIn here with slime, Lil Keed like blood\nFuck your feelings, sweep 'em under the rug\nForever heartless, I don't need no love\n\n[Chorus: Lil Keed]\nTrap out the Bentley, don't trap out no Regal\nGeeked the fuck out, I don't know none of these people\nCome out the sunroof and hit at his people\nThrowin' these flames, no need for no heater\nLittle bitty boy always showin' his bankrolls\nThey on his ass like hyenas\nFuckin' these hoes, yeah, no middle finger\nPassin' my hoes to my brothers, they hit 'em\nGot three hoes just like Destiny's Child\nDiamonds real water, please bring the sink, child\nThey just wanna say my name, child\nI'ma catch arthritis with all these rings, child\nBut it's okay""}"
Grey,Kölsch,"{'title': 'Travis Scott – Grey Lyrics', 'lyrics': ""[Chorus: Travis Scott & James Fauntleroy]\nWe wake up when the sun goes down\nNeighbor says the smell's too loud\nRiding in my old school thang\nShotgun with my old school babe\nSo wake me when the sun goes down\nTonight's my last night in town\nI pledge to a flag so grey\nNo matter what time, the skies are grey, ooh\n\n[Verse 1: Travis Scott]\nAround this time, was starving, no Ramadan\nYeah, mighta robbed you blind\nYou, you, you, your dad and moms\nYeah, keep that in mind\nFear two things: being broke and dying\nYeah, jump your ass inside, LSD come take this ride\nNo A-C-I-D, how you get your ass inside\nYeah, take one peek at me, you might get lost in my mind\nYeah, fuck that college shit, that scholarship, let's hypnotize\nYeah, ooh\n\n[Chorus: Travis Scott]\nWe wake up when the sun goes down\nNeighbor says the smell's too loud\nRiding in my old school thang\nShotgun with my old school babe\nSo wake me when the sun goes down\nTonight's my last night in town\nI pledge to a flag so grey\nNo matter what time, the skies are grey\n\n[Bridge: Travis Scott]\nGrey! Yeah-yeah-oh\nGrey! Yeah-yeah\nGrey! Yeah-yeah-oh (Uhuh)\nGrey! The sky is grey\nGrey! Mmm-mm-mm\nGrey! Mmm-mm-mm\nGrey! The sky is grey (Uhuh)\nWoah-ooh-oh\nGrey! Yeah, yeah\nGrey! Woah-ooh-oh\nGrey! Yeah, yeah (Uhuh)\nThe sky is grey, yuh\nYeah, the sky is grey, mmm-oh\nGrey!\n\n[Verse 2: Travis Scott]\nMight be the last time I trip\nI know I said this shit last time\nBut damn I never had a trip like this\nWho knew a threeway on freeway can trip\nWith three hoes to a six-way?\nAin't gotta finesse out the midway\nSo Bird can wrap birds in that Ben-Gay\nNo more, goddamn\nAnd Pops never gave me shit\nBut Pops ain't raised no bitch\nI swung, I missed, he swung, he hit, then I hit that ditch\nRaised in a town where it looked so good outside\nLike it ain't that serious\nMy nigga got dumb years doing dumb shit\nLocked up in the car, had to pull a gun quick\nKilla tatted on his face, leaked to his conscious\nNow he stuck in a cell, know he feeling nauseous\nThe nigga so good, he was so cold\nAnother lost kid, Mo City soul\n\n[Outro: Travis Scott]\nThe sky is grey""}"
Alright,KYTES,"{'title': 'Kendrick Lamar – Alright Lyrics', 'lyrics': '[Produced by Pharrell Williams & Sounwave]\n[Directed by Colin Tilley]\n\n[Intro: Kendrick Lamar]\nAlls my life, I has to fight, nigga\nAlls my life, I...\nHard times like, ""Yah!""\nBad trips like, ""Yah!""\nNazareth\nI\'m fucked up, homie, you fucked up\nBut if God got us, then we gon\' be alright\n\n[Chorus: Pharrell Williams]\nNigga, we gon\' be alright\nNigga, we gon\' be alright\nWe gon\' be alright\nDo you hear me, do you feel me? We gon\' be alright\nNigga, we gon\' be alright\nHuh? We gon\' be alright\nNigga, we gon\' be alright\nDo you hear me, do you feel me? We gon\' be alright\n\n[Verse 1: Kendrick Lamar]\nUh, and when I wake up\nI recognize you\'re looking at me for the pay cut\nBut homicide be looking at you from the face down\nWhat MAC-11 even boom with the bass down?\nSchemin\', and let me tell you \'bout my life\nPainkillers only put me in the twilight\nWhere pretty pussy and Benjamin is the highlight\nNow tell my momma I love her, but this what I like, Lord knows\nTwenty of \'em in my Chevy, tell \'em all to come and get me\nReaping everything I sow, so my karma coming heavy\nNo preliminary hearings on my record\nI\'m a motherfucking gangster in silence for the record, uh\nTell the world I know it\'s too late\nBoys and girls, I think I\'ve gone cray\nDrown inside my vices all day\nWon\'t you please believe when I say\n\n[Pre-Chorus: Kendrick Lamar]\nWouldn\'t you know\nWe been hurt, been down before\nNigga, when our pride was low\nLookin\' at the world like, ""Where do we go?""\nNigga, and we hate po-po\nWanna kill us dead in the street fo sho\'\nNigga, I\'m at the preacher\'s door\nMy knees gettin\' weak, and my gun might blow\nBut we gon\' be alright\n\n[Chorus: Pharrell Williams]\nNigga, we gon\' be alright\nNigga, we gon\' be alright\nWe gon\' be alright\nDo you hear me, do you feel me? We gon\' be alright\nNigga, we gon\' be alright\nHuh? We gon\' be alright\nNigga, we gon\' be alright\nDo you hear me, do you feel me? We gon\' be alright\n\n[Verse 2: Kendrick Lamar]\nWhat you want you, a house\u2060? You, a car?\n40 acres and a mule? A piano, a guitar?\nAnything, see my name is Lucy, I\'m your dog\nMotherfucker, you can live at the mall\nI can see the evil, I can tell it, I know it\'s illegal\nI don\'t think about it, I deposit every other zero\nThinking of my partner, put the candy, paint it on the Regal\nDigging in my pocket, ain\'t a profit big enough to feed you\nEvery day my logic get another dollar just to keep you\nIn the presence of your chico... Ah!\nI don\'t talk about it, be about it, every day I sequel\nIf I got it then you know you got it, Heaven, I can reach you\nPat Dawg, Pat Dawg, Pat Dawg, my dog, that\'s all\nBick back and Chad, I trap the bag for y\'all\nI rap, I black on track so rest assured\nMy rights, my wrongs; I write \'til I\'m right with God\n\n[Pre-Chorus: Kendrick Lamar]\nWouldn\'t you know\nWe been hurt, been down before\nNigga, when our pride was low\nLookin\' at the world like, ""Where do we go?""\nNigga, and we hate po-po\nWanna kill us dead in the street fo sho\'\nNigga, I\'m at the preacher\'s door\nMy knees gettin\' weak, and my gun might blow\nBut we gon\' be alright\n\n[Chorus: Pharrell Williams]\nNigga, we gon\' be alright\nNigga, we gon\' be alright\nWe gon\' be alright\nDo you hear me, do you feel me? We gon\' be alright\nNigga, we gon\' be alright\nHuh? We gon\' be alright\nNigga, we gon\' be alright\nDo you hear me, do you feel me? We gon\' be alright\n\n[Outro: Kendrick Lamar & Thundercat]\nI keep my head up high\nI cross my heart and hope to die\nLovin\' me is complicated\nToo afraid of a lot of changes\nI\'m alright, and you\'re a favorite\nDark nights in my prayers\n\n[Poem: Kendrick Lamar]\nI remembered you was conflicted\nMisusing your influence, sometimes I did the same\nAbusing my power, full of resentment\nResentment that turned into a deep depression\nFound myself screamin\' in the hotel room\nI didn\'t wanna self-destruct\nThe evils of Lucy was all around me\nSo I went runnin\' for answers'}"
Odd Look,Kavinsky,"{'title': 'Kavinsky – Odd Look (The Weeknd Remix) Lyrics', 'lyrics': ""[Chorus]\nYour hesitation speaks to me louder than million words per minute\nI was born to this life you're living, in this game, oh yeah\nSaid, said nothing will ever be... ever be the same, when you're finished\nI freed a couple of souls, just yesterday, oh yeah\n\n[Verse]\nUh, I had a good girl in my room, no tats on her skin\nI put work all in her purse, she got guilt all in her grin\nAnd I swear it be the same, every fuckin' where that I been\nAll you girls try to be saints, I’ll make you roll with a sinner\nYou can come to my hotel, you can bring me a friend\nYou can dress up like twins, I can teach you some French\nPaper planes full of kush, a couple cups full of gin\nDon't know what city I'm in, wake up and do it again\nAnd if you know me well, you know I don't like to talk\nBut when I make a move, you know it's loud as fuck\nAnd if you wanna scream, get loud as fuck, baby\nI can tell you've earned a bit of deconstruction\nA little bit, a little bit, ooh yeah, ooh Lord\n\n[Chorus]\nYour hesitation speaks to me louder than million words per minute\nI was born to this life you're living, in this game, oh yeah\nSaid, said nothing will ever be... ever be the same, when you're finished\nI freed a couple of souls, just yesterday, oh-oh, baby, ooh\n\n[Bridge]\nDo you feel like you'll come back around?\nDoes it make you strong?\nDo you feel like you can take the planet on? Oh girl\nDid I seem to give you a little bit more love?\nTo your gloomy life, to your empty life, uh\nLittle life, little lie, oh yeah\nDo you feel like you got your money's worth?\n'Cause if you did this round's on me\nJust promise that you'll come back to me\nFeed me, baby, feed me, baby\n\n[Chorus]\nYour hesitation speaks to me louder than million words per minute\nI was born to this life you're living, in this game, baby, ooh\nSaid nothing will ever be... ever be the same, when you're finished\nI freed a couple of souls, just yesterday, baby, ooh-ooh""}"
Nightcall,Kavinsky,"{'title': 'Kavinsky – Nightcall Lyrics', 'lyrics': ""[Verse: Kavinsky]\nI'm giving you a night call to tell you how I feel\n(We'll go all, all, all night long)\nI want to drive you through the night, down the hills\n(We'll go all, all, all night long)\nI'm gonna tell you something you don't want to hear\n(We'll go all, all, all night long)\nI'm gonna show you where it's dark, but have no fear\n(We'll go all, all, all night long)\n\n[Chorus: Lovefoxxx]\nThere's something inside you\nIt's hard to explain\nThey're talking about you, boy\nBut you're still the same\nThere's something inside you\nIt's hard to explain\nThey're talking about you, boy\nBut you're still the same\n\n[Verse: Kavinsky]\nI'm giving you a night call to tell you how I feel\n(We'll go all, all, all night long)\nI want to drive you through the night, down the hills\n(We'll go all, all, all night long)\nI'm gonna tell you something you don't want to hear\n(We'll go all, all, all night long)\nI'm gonna show you where it's dark, but have no fear\n(We'll go all, all, all night long)\n\n[Chorus: Lovefoxxx]\nThere's something inside you\nIt's hard to explain\nThey're talking about you, boy\nBut you're still the same\nThere's something inside you\nIt's hard to explain\nThey're talking about you, boy\nBut you're still the same\nThere's something inside you\nIt's hard to explain\nThey're talking about you, boy\nBut you're still the same""}"
La Bomba,King Africa,"{'title': 'Ritchie Valens – La Bamba Lyrics', 'lyrics': '[Letra de ""La Bamba""]\n\nPara bailar La Bamba\nPara bailar La Bamba se necesita una poca de gracia\nUna poca de gracia\nPa\' mi, pa\' ti, y arriba, y arriba\nY arriba, y arriba\nPor ti seré, por ti seré, por ti seré\n\nYo no soy marinero\nYo no soy marinero, soy capitán\nSoy capitán, soy capitán\nBamba, bamba\nBamba, bamba\nBamba, bamba, bam\n\nPara bailar La Bamba\nPara bailar La Bamba\nSe necesita una poca de gracia\nUna poca de gracia\nPa\' mi, pa\' ti, y arriba, y arriba\n\nRrrr, ja-ja\n\nPara bailar La Bamba\nPara bailar La Bamba\nSe necesita una poca de gracia\nUna poca de gracia\nPa\' mi, pa\' ti, y arriba, y arriba\nY arriba, y arriba\nPor ti seré, por ti seré, por ti seré\n\nBamba, bamba\nBamba, bamba\nBamba, bamba'}"
Mi Carro,Manolo Escobar,"{'title': 'Manolo Escobar – Mi carro Lyrics', 'lyrics': ""MI CARRO\nMi carro me lo robaron estando de romería\nMi carro me lo robaron anoche cuando dormía\n\nDónde estará mi carro\nDónde estará mi carro\nDónde estará mi carro\nDónde estará mi carro\n\nMe dicen que le quitaron los clavos que relucían\nCreyendo que eran de oro de limpios que los tenía\n\nDónde estará mi carro\nDónde estará mi carro\nDónde estará mi carro\nDónde estará mi carro\n\nDonde quiera que esté mi carro es mío\nPorque en él me crié allá en el río\nSi lo llego a encontrar, vendrás conmigo\nEn mi carro de amor por el camino\n\nLes digo, por el camino hablando con los romeros\nQue lleva sobre sus varas mi nombre grabado a fuego\n\nDónde estará mi carro\nDónde estará mi carro\nDónde estará mi carro\nDónde estará mi carro\n\nEn mi carro gasté una fortuna\nY en mis noches de amor llevé la luna\nPreguntando busqué por todas partes\nY por fín lo encontré sin atalajes\n\nS'acabao""}"
Jolie Coquine,Caravan Palace,"{'title': 'Caravan Palace – Jolie Coquine Lyrics', 'lyrics': ""How to do\nWhere to go\nWhat to do without you\n\nWhat to think\nHow to dream\nIf I don't sleep with you\n\nWhat to do\nWhere to go\nHow to do without you\n\nYou're my Pole Star\n\nHow to do\nWhere to go\nWhat to do without you\n\nWhat to think\nHow to dream\nIf I don't sleep with you\n\nWhat to do\nWhere to go\nHow to do without you\n\nYou're my Pole Star\nPole Star\n\nHow to do\nWhere to go\nWhat to do without you\n\nWhat to think\nHow to dream\nIf I don't sleep with you\n\nWhat to do\nWhere to go\nHow to do without you\n\nYou're my Pole Star""}"
Hip Hop ?,Hocus Pocus,"{'title': 'Rakim – Hip-Hop Lyrics', 'lyrics': '[Intro]\nThat\'s what it is, uh huh\nNick Wiz, turn my headphones up, man\nUh, uh\n\n[Hook]\nAyo, if you miss Hip-Hop, then stand up\nReminisce when this drop, get amped up\nAny hit that\'s this hot is an anthem\nDo ya\' dance, love, she need a hand, breh\nLyricist that spit pop get stamped up\nHit or miss, then flip-flop, them clam up\nThey fearing this to hit blocks and slam clubs\nPut yo\' hands up, here ya\' man come\n\n[Verse 1]\nIts mister word renowned with the best verse\nOne of the illest the streets, from the east to the west, heard\nGet greeted with ghetto gestures like ""yessir""\nA pre-meditated killer for the way I stretch words\nSome of us love to flow \'til the club close\nAnd some in love with blow for the love of dough\nIn it for fortune and fame, flamboyant for gurls\nThey extorting the game, exploiting the hood\nRappers ride for bread while the gossip spread\nIt\'s only hot cause we ride, spotted cops with feds\nPlus, lots of heads go Pop instead\nThat\'s the word on the block is, ""Hip-Hop Is Dead""\nSo consumers quit copping, rappers flip-flopping\nArtist pimped by they labels like a slave pick cotton\nPop Charts killing underground Hip-Hopers\nWhile the world still looking for Ra like Bin Laden, let\'s go\n[Hook]\nAyo, if you miss Hip-Hop, then stand up\nReminisce when this drop, get amped up\nAny hit that\'s this hot is an anthem\nDo ya\' dance, love, she need a hand, breh\nLyricist that spit pop get stamped up\nHit or miss, then flip-flop, them clam up\nThey fearing this to hit blocks and slam clubs\nPut yo\' hands up, here ya\' man come\n\n[Verse 2]\nMe and my dude\'s the new cool in the game\nThat Old-School feel with the New-School slang\nThe boomerang with the true duke flame\nShoot through yo\' brain like smoking poom-shoong-pang\nGhetto galactic, the next level and back shit\nSomething like heroine, crack, mixed\nThe combination of Mike and Lebron, the life of a don\nYeah, just give the God the mic and it\'s on\nMy brand new vision gives you aneurisms\nMy fans\'ll listen, see my words like its camera\'s in \'em\nWe just anxious to bust like a new fo\'-pound\nSo, the hood is reacquainted to the New York sound\nEvery verse is a mountain of proof, a man of my words\nEven on the curb when I\'m out of the booth\nMy style\'s the truth, unlimited amounts to produce\nAnd my flow still tight when I\'m about to get loose, let\'s go\n[Hook]\nAyo, if you miss Hip-Hop, then stand up\nReminisce when this drop, get amped up\nAny hit that\'s this hot is an anthem\nDo ya\' dance, love, she need a hand, breh\nLyricist that spit pop get stamped up\nHit or miss, then flip-flop, them clam up\nThey fearing this to hit blocks and slam clubs\nPut yo\' hands up, here ya\' man come\n\n[Verse 3]\nThe boogey-down, the buck-town mic flavor\nI\'m in yo\' hoods like neighbors\nOperation shut down, 0-60 like ""later""\nIt\'s rider, up-town, high-top, nike lacer\nIn the gut of the beast where they don\'t dwell\nThe gut of the streets but they don\'t sell\nI still hold mics and stay so real\nMy flow tight with mo\' sight\'s than AOL\nI change climates like a plane pilot\nCause hurricanes and rain violent\nCrack yo\' skull, snatch yo\' brain out it, uou out ya\' mind if it ain\'t talent\nAnd keep it out yo\' rhymes if you ain\'t bought it\nRaps tsunami, the track\'s behind me\nCats that try me, the raps too grimey\nI rap a mami in black Armani\nClap with a body and tap punani\n[Hook]\nAyo, if you miss Hip-Hop, then stand up\nReminisce when this drop, get amped up\nAny hit that\'s this hot is an anthem\nDo ya\' dance, love, she need a hand, breh\nLyricist that spit pop get stamped up\nHit or miss, then flip-flop, them clam up\nThey fearing this to hit blocks and slam clubs\nPut yo\' hands up, here ya\' man come'}"
Phone Numbers,Dominic Fike,"{'title': 'Dominic Fike & Kenny Beats – Phone Numbers Lyrics', 'lyrics': ""[Intro]\nCan you break bread with me?\nBreak bread with me, break, break\nCan you break bread with me?\nBreak bread with me\nWoah, Kenny\n\n[Chorus]\nWhy you not here with me?\nCan you break bread with me?\nWhy you switch phone numbers like clothes?\nWhy you can't answer me? (Yeah)\n'Cause I got more coming\nWhy you not here with me? (Why? Why?)\nCan you break bread with me? (Oh)\nWhy you switch phone numbers like clothes? (Uh)\nWhy you can't answer me? (Yeah, why?)\n'Cause I got more coming\n\n[Verse 1]\nYes, I moved my shawty from Florida to Hollywood\nBought some gold, shit look big on me\nGot some goals, it's a list on me\nYeah, lil' bitch, I'm rich off rock 'n' roll\nThe strippers and the strobe playin' tricks on me\nThe stones hittin' different, you supposed to be pissed at me (No)\nThey from Tiffany (Please)\nKeep my name out yo mouth like some wisdom teeth\n(And you wonder why) Why I'm not there with you\n(I ain't answered my phone in so long)\n[Chorus]\nWhy you not here with me?\nCan you break bread with me?\nWhy you switch phone numbers like clothes?\nWhy you can't answer me? (Yeah)\n'Cause I got more coming\nWhy you not here with me? (Why? Why?)\nCan you break bread with me?\nWhy you switch phone numbers like clothes?\nWhy you can't answer me? (Yeah, why?)\n'Cause I got more coming\n\n[Post-Chorus]\nCan you break bread with me?\nBreak, break bread with me (Yeah, okay)\nBreak, break, can you break bread with me?\nBreak bread with me (Huh)\nCan you break bread with me?\n\n[Verse 2]\nAnd yes, I moved lil' shawty from 'round me, she been all in my business as of late\nI got rich so goddamn fast, they want this bread, can't catch a break\nAnd yes, I know you tired of hatin', I'm tired of starin' at your face\nAnd if a bitch retaliate, we can go tit-for-tat today\nThat's on my momma, that's on big Sean, that's on Lil' A from FLA\nOut here in LA, tryna make shit shake, tryna wrap this case (Ho)\nThat's a whole hundred twenty K to the magistrate for my parents' sake\nAnd you still talkin' 'bout sharing cake, shut the fuck up\n[Chorus]\nWhy you not here with me?\nCan you break bread with me?\nWhy you switch phone numbers like clothes?\nWhy you can't answer me? (Yeah)\n'Cause I got more coming\nWhy you not here with me? (Why?)\nCan you break bread with me? (Oh)\nWhy you switch phone numbers like clothes? (Uh)\nWhy you can't answer me? (Yeah)\n'Cause I got more coming\n\n[Outro]\nCan you break bread with me?\nBreak, break bread with me (Okay)\nBreak, break, can you break bread with me?\nBreak bread with me""}"
Nothing Else Matters,Metallica,"{'title': 'Metallica – Nothing Else Matters Lyrics', 'lyrics': ""[Guitar Intro]\n\n[Verse 1]\nSo close no matter how far\nCouldn't be much more from the heart\nForever trusting who we are\nAnd nothing else matters\nNever opened myself this way\nLife is ours, we live it our way\nAll these words I don't just say\nAnd nothing else matters\nTrust I seek and I find in you\nEvery day for us something new\nOpen mind for a different view\nAnd nothing else matters\n\n[Chorus]\nNever cared for what they do\nNever cared for what they know\nBut I know\n\n[Verse 2]\nSo close no matter how far\nIt couldn't be much more from the heart\nForever trusting who we are\nAnd nothing else matters\n[Chorus]\nNever cared for what they do\nNever cared for what they know\nBut I know\n\n[Instrumental Bridge]\n\n[Verse 3]\nI never opened myself this way\nLife is ours, we live it our way\nAll these words I don't just say\nAnd nothing else matters\nTrust I seek and I find in you\nEvery day for us something new\nOpen mind for a different view\nAnd nothing else matters\n\n[Chorus]\nNever cared for what they say\nNever cared for games they play\nNever cared for what they do\nNever cared for what they know\nAnd I know, yeah-yeah!\n\n[Guitar Solo]\n[Outro]\nSo close no matter how far\nCouldn't be much more from the heart\nForever trusting who we are\nNo, nothing else matters""}"
Lo más bonito del mundo,Delafé,"{'title': 'Delafé – Lo más bonito del mundo Lyrics', 'lyrics': ""Tú eres lo más bonito del mundo\nLo más bonito del mundo eres tú\nEres lo más bonito del mundo\nLo más bonito del mundo eres tú\nEres lo más bonito del mundo\nLo más bonito del mundo eres tú\nEres lo más bonito, lo más bonito del mundo\n\nMira que eres bonita, uh que guapa eres\nEres la más bonita de todas las mujeres\nCon ojos de mar, pelo de fuego\nColor piel canela y de aliento tierno\nMira que eres linda, vientre de azaleas\nCampo de amapolas, risa de jazmín en primavera\nBrote de trigo que me hace vibrar\nDe la cabeza a los pies, 24/7 todo el mes\nQuiero gritar, si, quiero gritar\nQuiero que me escuche entera toda la ciudad\nPorque deseo montarte, engrasando cada pieza\nDurmiendo cada parte, eterna como atenas eres\nSelene, que me hiciste, que me das\nPorque brilla tanto la ciudad\nCreo que se me ha subido el corazón a la cabeza\nY no logro pensar con claridad\nPorque:\n\nTú eres lo más bonito del mundo\nLo más bonito del mundo eres tú\nEres lo más bonito del mundo\nLo más bonito del mundo eres tú\nEres lo más bonito del mundo\nLo más bonito del mundo eres tú\nEres lo más bonito, lo más bonito del mundo\n\nNo logro pensar con claridad\nY curiosamente hasta ahora no lo había visto tan claro\nTú abriste las ventanas de par en par\nHiciste que los días no pasaran en vano\nPlantaste sandías por navidad\nConseguiste que el invierno me supiera a verano\nHiciste que brotaran de la noche a la mañana\nVioletas y mimosas con solo una palmada\nY entonces lo vi claro, sí\nNo todas las verduras combinan con pescado\nY guardamos la bandera en la nevera\nY nos fuimos de la mano a cruzar la tierra\nY comimos sushi, y comimos cuscús\nY comimos ceviche, y bebimos limoncello\nTú alejaste a los monstruos de mi almohada\nEl día que dijiste que sí con la mirada\n\nTú eres lo más bonito del mundo\nLo más bonito del mundo eres tú\nEres lo más bonito del mundo\nLo más bonito del mundo eres tú\nEres lo más bonito del mundo\nLo más bonito del mundo eres tú\nEres lo más bonito, lo más bonito del mundo\n\nSin duda las más guapa\nMi fuerza irresistible\nLa chispa que me saca de mi estado inamovible\nTu eres más hermosa que el Col du Palier\nEres más majetuosa que el Tourmalet\nTienes mas curvas que Alpe d'Huez\nY me elevas más alto que el Galibier\nYa sabes que me gusta tanto el ciclismo\nY se que a ti estos nombres te suenan a chino\nElla son mis montañas, son mis catedrales\nEl lugar donde este hombre negocia con sus males\nY tu estas allí en cada pedaleo\nEn cada paella\nEn cada repecho\nEn cada diente de mi plato pequeño, y de piñón grande\nDe este globero\nSe que tu no me entiendes, no me entiendes de nuevo\nEsto es cantar te quiero en un idioma nuevo\nPata ti\n\nTú eres lo más bonito del mundo\nLo más bonito del mundo eres tú\nEres lo más bonito del mundo\nLo más bonito del mundo eres tú\nEres lo más bonito del mundo\nLo más bonito del mundo eres tú\nEres lo más bonito, lo más bonito del mundo\n\nEstamos bailando(...)""}"
Love Letters to God,Nahko And Medicine For The People,"{'title': 'Nahko And Medicine For The People – Love Letters t', 'lyrics': ""[Verse 1]\nGive, always give what you can\nEven if your allies draw lines in the sand\nAnd dig, always dig a little deeper\nSometimes it’s hard to be my brother’s keeper\nLove. So you let love in\nBaby, I am home in the wake of your skin, and it’s crazy\nHow we wear our ceremony\nAlways be open to your path and your journey\nYes, she cradles my loneliness\nA home that I forage, nest\nUniversal test, feel the weight of my love\nPut your hand on my chest\nAnd rest, in the cradle of my arms\nThe battle that we face is the place where our scars come from\nAnd to pick up the gun\nMy love, we are destined to teach these ones to be brave\nAnd never run away\nCourage is birthed from the womb on the first light of day\nYeah, the day you were born, you came out perfect\nNever meant to be torn\nIn silence, never been so loud in the violence\nNever been so proud of a people\nWhen we’re fighting for a change\nNot afraid to lose it all despite all the rage\nWe are animals\nAnd we cannot be caged\nProvoke us to fight\nSo we burn a little sage and write poetry\nWiser than the enemy will ever be\nThe minority\nAnd authority\nAre you here to protect or arrest me?\nI can’t tolerate the hate, and I'm losing sleep\nCan’t breathe, cause they’re choking out a war in me\nImmorality\n[Chorus]\nLove letters to God\nWonder if she reads them or if they get lost\nIn the stars, the stars, in the stars\nSo many parts to a heavy heart\nIf there’s no beginning, then where would you start?\nStart, start, where would you start?\n\n[Verse 2]\nHuman souls, so we carve 'em into story Totem poles\nBecause we’re always searching for a certain goal\nA pattern of physics, a role\nDon’t believe all you’re told\nAnd open\nOpen up your fist\nA misconception, you can fight like this\nIn praise, with the power of prayer\nIf God’s on our side, we can take the stairs\nTo the heavens\nFlipping through my chapter seven\nI live with the snakes in the great deception\nNo court, in this country for men\nWho steal from their mother on paper with pen\nAnd we’re tripping\nDown a red dirt road\nAnd we’re asking\nIs this the way we should go?\nKissing, soft top feet of my goddess\nWe walk the earth, baby, yeah we got this\nFocus, and it’s redirected\nGrateful, and I’m resurrected\nStubborn, but I know the way\nYou’re the skin of my drum\nTo your rhythm I will sway\nTake my hand\nI won’t lead you astray\nWe will not go gently into the darkest of days\nGrandma’s here, and she says persevere\nTake a walk in her moccs, taste the trail of tears\nAnd our fears, are the same as they ever were\nBeers, numb the pain of a holocaust\nGears, always mobbing in motion\nMaybe, baby, be an island or an ocean\nYour arches, how they bend and contract on my conscience\nNever slipped through the grip of my thesis\nAnd my theory is I shine in your presence\nA deliverance\n[Chorus]\nLove letters to God\nWonder if she reads them or if they get lost\nIn the stars, the stars, in the stars\nSo many parts to a heavy heart\nIf there’s no beginning, then where would you start?\nStart, start, where would you start?""}"
Looped,Kiasmos,"{'title': 'Kiasmos – Looped Lyrics', 'lyrics': '[Instrumental]'}"
The Trooper,Steve ´n´ Seagulls,"{'title': 'Iron Maiden – The Trooper Lyrics', 'lyrics': ""[Verse 1]\nYou'll take my life but I'll take yours too\nYou'll fire your musket but I'll run you through\nSo when you're waiting for the next attack\nYou'd better stand there's no turning back\nThe bugle sounds, the charge begins\nBut on this battlefield no one wins\nThe smell of acrid smoke and horse's breath\nAs I plunge on into certain death\n\n[Refrain]\nOh oh oh oh oh oh oh oh oh\nOh oh oh oh oh oh oh oh oh\n\n[Verse 2]\nThe horse he sweats with fear we break to run\nThe mighty roar of the Russian guns\nAnd as we race towards the human wall\nThe screams of pain as my comrades fall\nWe hurdle bodies that lay on the ground\nAnd the Russians fire another round\nWe get so near yet so far away\nWe won't live to fight another day\n\n[Refrain]\nOh oh oh oh oh oh oh oh oh\nOh oh oh oh oh oh oh oh oh\n\n[Guitar solo]\n\n[Verse 3]\nWe get so close, near enough to fight\nWhen a Russian gets me in his sights\nHe pulls the trigger and I feel the blow\nA burst of rounds takes my horse below\nAnd as I lay there gazing at the sky\nMy body's numb and my throat is dry\nAnd as I lay forgotten and alone\nWithout a tear I draw my parting groan\n\n[Refrain]\nOh oh oh oh oh oh oh oh oh\nOh oh oh oh oh oh oh oh oh""}"
The Chain - 2004 Remaster,Fleetwood Mac,"{'title': 'Fleetwood Mac – The Chain Lyrics', 'lyrics': ""[Verse 1]\nListen to the wind blow\nWatch the sun rise\nRun in the shadows\nDamn your love, damn your lies\n\n[Chorus]\nAnd if you don't love me now\nYou will never love me again\nI can still hear you saying\nYou would never break the chain (Never break the chain)\nAnd if you don't love me now (You don't love me now)\nYou will never love me again\nI can still hear you saying (Still hear you saying)\nYou would never break the chain (Never break the chain)\n\n[Verse 2]\nListen to the wind blow\nDown comes the night\nRun in the shadows\nDamn your love, damn your lies\nBreak the silence\nDamn the dark, damn the light\n\n[Chorus]\nAnd if you don't love me now\nYou will never love me again\nI can still hear you saying\nYou would never break the chain (Never break the chain)\nAnd if you don't love me now (You don't love me now)\nYou will never love me again\nI can still hear you saying (Still hear you saying)\nYou would never break the chain (Never break the chain)\nAnd if you don't love me now (You don't love me now)\nYou will never love me again\nI can still hear you saying (Still hear you saying)\nYou would never break the chain (Never break the chain)\n[Guitar & Bass Solo]\n\n[Outro]\n(Chain, keep us together) Run in the shadow\n(Chain, keep us together) Runnin' in the shadow\n(Chain, keep us together) Runnin' in the shadow\n(Chain, keep us together) Run in the shadow\n(Chain, keep us together) Run in the shadow""}"
My Sweet Lord / Today Is a Killer - Remastered,Nina Simone,"{'title': 'Nina Simone – Medley: My Sweet Lord / Today Is a K', 'lyrics': ""We want want Nina\nWe want want Nina\nWe want want Nina\nWe want want Nina\nWe want want Nina\nWe want want Nina\nWe want want Nina\nWe want want Nina\nWe want want Nina\nWe want want Nina\nWe want want Nina\nWe want want Nina\nWe want want Nina\nWe want want Nina\n\nAnd now brothers and sisters\nThe High Priestess of Soul\nSister Nina Simone\n\nMy Lord (Hallelujah)\nMy sweet Lord (Hallelujah)\nOh, my Lord, (Hallelujah)\nI really wanna see you (Hallelujah)\nI've got to see you (Hallelujah)\nReally wanna feel you (Hallelujah)\nReally wanna see you (Hallelujah)\nBut it takes too long, my Lord (Hallelujah)\nI've been waiting all my life for you (Hallelujah)\nSo you got to bring me through (Hallelujah)\nI really wanna see you, now, (Hallelujah)\nI've got to be with you (Hallelujah)\nI've got to be with you (Hallelujah)\nI really wanna see you (Hallelujah)\nBut it takes so long, my Lord\nOh, my Lord\nMy sweet Lord\nMy sweet Lord\nMy sweet Lord\nMy sweet Lord\nI really wanna see you\nI really wanna see you\nI really wanna see you, (Really want to see you)\nI want to see you, (Really want to see you)\nI really wanna see you\nBut it takes so long, my Lord\nOh, my Lord\nI really wanna see you\nReally wanna see you, (Aaaa)\nOh yeah\nOh yeah\nI really wanna see you (Really want to see you)\nI really wanna see you (Really want to see you)\nI really wanna see you (Aaaa)\nBut it takes me too long, my Lord (My Lord)\nOh, my Lord (My Lord)\nMy sweet Lord (My Lord)\nSunday night (My Lord)\nHope this time to see you (My Lord)\nDontcha know I need ya (My Lord)\nDontcha know I want you (My Lord)\nDontcha I need you (My Lord)\nDontcha know I want you (My Lord)\n\nDo do do do do do (You got to, got to) (My Lord)\nDo ba do do do do (You got to, got to) (My Lord)\n\nI want to see you, yes I do (My Lord)\nI want to see you, yes I do (My Lord)\nI want to see you, yes I do (My Lord)\nI've got to see you, yes I do (My Lord)\nI got to see you, yes I do (My Lord)\nGot to see you, yes I do (My Lord)\n\nOo yeah\nYeah Lord\nThe whole worlds lookin' for ya\nDoing all kinds of things looking for ya\nWontcha show yourself, Lord\nWontcha show yourself, Lord\nWontcha show yourself, Lord\nDontcha know what they're tryin' to do\nDontcha know they need to see you\n\nI really want to see you (Want to see you)\nI really want to be you (Want to see you)\nI really want to see ya\nBut it takes me too long, my Lord (You know my Lord)\nMy Lord (You know my Lord)\nMy sweet Lord (Know my Lord)\nOh my Lord (My sweet Lord)\nMy sweet Lord (Oh my Lord)\nOh my Lord (Oh my sweet Lord)\nYeah yeah (Oh my Lord)\n(My, my sweet Lord)\n(Oh my, my Lord)\n(Oo, I want to see you)\n(Know I want to see you)\n(Oh my Lord)\n(Oh oh Lord)\n(My my my my my my Lord)\n(You know I got to see you)\n(You know I got to be with you)\n(Whoa, my Lord)\n(Mmhhmm My my Lord)\n(I'm callin' on you, Lord)\n(You know I'm callin' on you, Lord)\n(My, my, my Lord)\n(My sweet Lord)\n\nI really want to see you (Really want to see you)\nI really want to see you (Really want to see you)\nI really want to see ya\nBut it takes so long (But it takes so long)\nMy Lord\nOh, my Lord\nMy sweet Lord (My sweet Lord)\nOh my Lord (Oh my Lord)\nOh my Lord\n\nI really want to see you\nGod knows I need to see you\nBut it takes so long, my Lord\nI really need to see you\nBut everything today is a killer\nToday is a killer\nHow I'm gonna see you Lord\nHow I'm gonna be with you Lord\nHow I'm gonna see you Lord\nNobody has taught us any patience\nAny patience, Lord\nAnd by now it's too late\nIt's too late\nI hope it's not too late\nBut I'm afraid it's too late, my Lord\nToo late\nHope it's not too late, my Lord\n\nI really wanna see you (Really want to see you)\nI really wanna see you (Really want to see you)\nI really wanna see you (Really want to see you)\nBut it takes so long (But it takes so long)\nMy Lord\nMy sweet Lord (Oh my Lord)\nMy good Lord (My sweet Lord)\nAll the time (Oh my Lord)\nI meditate on you (My sweet Lord)\nSo you got to bring me (Oh my Lord)\nGot to bring me through now (Oh my Lord)\nI really wanna see ya (I really wanna see you)\nYou know I believe in you (Know I believe in you)\nSo you got to bring me (Know I believe you)\nGot to bring me through now (Know I believe in you)\nI really wanna see you (Really want to see you)\nI really wanna see you (Really want to see you)\nI really wanna see you (Really want to see you)\nBut it takes so long (but it takes so long)\nMy Lord\nOh my Lord\nYeah\nOh yes Lord (My sweet Lord)\nYeah, my Lord (Oh my Lord)\nNothing else is happenin' (Oh my Lord)\nNothing else is happenin', Lord (Oh my Lord)\nChange my days (Change my days)\nChange my nights (Change my nights)\nChange my ways (Change my ways)\nLet me get on that level (Change my ways)\nThat level of consciousness (Oh my Lord)\nSo I can feel ya (Oh my Lord)\nAll around me (Oh my Lord)\nAll day (All day)\nAll night (All night)\nAll day (All day)\nAll night (all night)\nI really want to see you (Really want to see you)\n(Really want to see you)\nBut it takes so long (But it takes so long)\nMy Lord\n\nOo my Lord\nOh my Lord\nOh my Lord (You got to, got to)\nOh my Lord (You got to, got to)\nOh my Lord (You got to, got to)\nOo my Lord (You got to, got to)\nOh my Lord (You got to, got to)\nOh my Lord (You got to, got to)\nOh my Lord (You got to, got to)\nOh my Lord (You got to, got to)\nOh my Lord (You got to, got to)\nMy sweet Lord (You got to, got to)\nAll day (You got to, got to)\nAll night (You got to, got to)\nI meditate on you (You got to, got to)\nSo you got to bring me (You got to, got to)\nBring me through (You got to, got to)\nAll day (My Lord)\nI mediate on you (Mm My Lord)\nSo you got to bring me (My Lord)\nBring me through now (My Lord)\nGot to, got to bring me (My Lord)\nBring me through now (My Lord)\nGot to get through this mess (My Lord)\nGot to get through this mess (My Lord)\nAll this mess (My Lord)\n\nMmm\n(Ooo My Lord)\n(My Lord)\n(You got to, got to)\n(Alright)\n(You got to, got to)\n(You got to, got to)\n(You got to, got to)\n(You got to, got to)\n(You got to, got to)\n(You got to, got to)\n\nI often sit\nThere in the sea\nAnd dream dreams\nAnd hope hopes\nAnd wish wishes\nAnd lately\nAs I listen to the wind song\nAs it dances a beautiful dance for me\nBut these moments\nNever seem to last to long\nBecause after the hopes\nThe dreams, and the wishes\nYou got the singin' of the dancin' wind\nAfter you and me\nAnd a stolen moment of happines\nAfter a glimpse\nOf the timeless, natural universe\nMoving in effortless effervesce\nStarts when rhythm\nYeah\nMoving in effortless effervesce\nStarts when beauty\nComes, comes the reality of today\nGrinning it's all-knowing, fiendish grin\nKnowing everything I say\nEverything I feel\nEverything I think\nEvery gesture I make today, today\nPressing his ugly face against mine\nStaring at me with lifeless eyes\nCrumbling away all memories of yesterday's dreams\nCrumbling away\nCrumbling hopes and destroying wishes\nDestroying dreams\nCan't even get close to nobody no more\nNo matter how much you try\nYou can't get close to nobody no more\nBecause today is a killer\nAnd only you can save us Lord\nOnly you can save us Lord\nI never dreamed\nI certainly never hoped\nThat one day\nI'd be screamin'\n'Bout something my mother told me I needed\nIn the beginnin'\nIn the beginnin'\nIn the beginnin'\n\nYes Lord\nOoh my Lord (Hallelujah)\nOh my Lord (Hallelujah)\nOh my Lord (Hallelujah)\nOh my Sweet Lord (Hallelujah)\nI really wanna see you (Hallelujah)\nI really wanna be with you (Hallelujah)\nI really wanna see you (Hallelujah)\nBut it takes so long my Lord (Hallelujah)\nOh my Lord(Hallelujah)\nOh my Lord (Hallelujah)\nMy sweet Lord (Hallelujah)\nI really wanna see ya (Hallelujah)\nI've got to see you (Hallelujah)\nI really wanna see ya (Hallelujah)\nBut it takes so long, my Lord (Hallelujah)\nOh my Lord (Hallelujah) (My Lord)\nOh my Lord (Hallelujah)\nMy sweet Lord (Hallelujah)\nOh my Lord (Hallelujah)\nMy Hallelujah (Hallelujah)\nHallelujah (Hallelujah)\nHallelujah (Hallelujah)\nTakes so long, my Lord\nOh Lord, takes so long\nHope it doesn't take too long this time\nCause I need to be with you\nI need to be with you\nI need to be with you, Lord\nToday\nToday\nToday\nToday\nToday, who are you Lord\nYou are a killer (Hallelujah) (Aaa)""}"
