ironhacker,song,artist
soyungalgo,Mi danza (feat. Dani de Morón),Fuel Fandango
soyungalgo,MERICHANE,Zahara
toni085,Olaf el vikingo,LOS NIKIS
ferqwertyuiop,So So,Rusowsky
1182774545,WTF Is In My Cup,Chico Blanco
toni085,Algorithm,Muse
copia002,Ca plane pour moi,Plastic Bertrand
soyungalgo,Fantasya,Pedro LaDroga
soyungalgo,1996,InnerCut
1182774545,Kuzola,Pongo
toni085,Tiburon,Proyecto Uno
1182774545,Dance With Me,Deux
1182774545,Spinnerei,Planet Caravan
1182774545,Home,Edward Sharpe & The Magnetic Zeros
1182774545,Where Is My Mind? - Remastered,Pixies
1182774545,René,Residente
1182774545,Okashi,Charlotte Adigéry
1182774545,Mumma Don't Tell - Faltydl Remix,Leifur James
1182774545,Multi-Love,Unknown Mortal Orchestra
1182774545,Nothing's Gonna Hurt You Baby,Cigarettes After Sex
1182774545,Giddy On The Ciggies,Sleaford Mods
1182774545,Affection,Cigarettes After Sex
1182774545,A Festa,Trüby Trio
1182774545,Child,B77
1182774545,Grey,Kölsch
ferqwertyuiop,Alright,KYTES
1182774545,Odd Look,Kavinsky
toni085,Nightcall,Kavinsky
toni085,La Bomba,King Africa
toni085,Mi Carro,Manolo Escobar
toni085,Jolie Coquine,Caravan Palace
ferqwertyuiop,Hip Hop ?,Hocus Pocus
ferqwertyuiop,Phone Numbers,Dominic Fike
toni085,Nothing Else Matters,Metallica
soyungalgo,Lo más bonito del mundo,Delafé
1183037273,Love Letters to God,Nahko And Medicine For The People
pecmusasana,Looped,Kiasmos
1183037273,The Trooper,Steve ´n´ Seagulls
toni085,The Chain - 2004 Remaster,Fleetwood Mac
pecmusasana,My Sweet Lord / Today Is a Killer - Remastered,Nina Simone
1182774545,Glory Box,Portishead
toni085,Eden (Waveshaper Remix) - Instrumental,Scandroid
